Title,rating,reviewCount,website,phoneNumber,address,monday,tuesday,wednesday,thursday,friday,saturday,sunday,latitude,longitude
Metal Machine Tattoo Studio,,,https://www.mmtattoo.com/,+27 21 423 0688,49 Shortmarket St - Central - Cape Town - 8001 - South Africa,Closed,10a.m. - 5p.m.,10a.m. - 5p.m.,10a.m. - 5p.m.,10a.m. - 5p.m.,10a.m. - 3p.m.,Closed,-33.921687500000004,18.41906250000001
Hoodoo Tattoos,,,https://www.facebook.com/HoodooTattoos/,+27 21 486 9003,186 Lower Main Rd - Observatory - Cape Town - 7441 - South Africa,Closed,10a.m. - 6p.m.,10a.m. - 6p.m.,10a.m. - 6p.m.,10a.m. - 6p.m.,10a.m. - 6p.m.,Closed,-33.93206250000001,18.466312499999972
Cape Electric Tattoo,,,capeelectrictattoo.com,+27 21 423 7646,11 Buitensingel St - Gardens - Cape Town - 8001 - South Africa,11a.m. - 7p.m.,11a.m. - 7p.m.,11a.m. - 7p.m.,11a.m. - 7p.m.,11a.m. - 7p.m.,11a.m. - 7p.m.,Closed,-33.926812500000004,18.41306249999998
Cape Town Tattoos. Mr Lucky'S,,,http://www.capetowntattoo.com/,+27 84 588 6005,Fairweather house - 31 Francis Street - Zonnebloem The Basement - Zonnebloem - Cape Town - 7915 - South Africa,Closed,12 - 5:30p.m.,12 - 5:30p.m.,12 - 5:30p.m.,12 - 5:30p.m.,12 - 5:30p.m.,12 - 5:30p.m.,-33.928312500000004,18.43793749999999
Tomb Tattoo,,,tombtattoo.co.za,+27 21 461 5218,Unit 16 gardens business village Wandel street - Gardens - Cape Town - 8001 - South Africa,Closed,11a.m. - 5p.m.,11a.m. - 5p.m.,11a.m. - 5p.m.,11a.m. - 5p.m.,11a.m. - 5p.m.,Closed,-33.93118750000001,18.417687500000014
Betrue Ink Tattoo'S And Body Piercing Studio,,,,+27 83 364 6483,african mall - 98 Long St - Cape Town City Centre - Cape Town - 8001 - South Africa,9:30a.m. - 7p.m.,9:30a.m. - 7p.m.,9:30a.m. - 7p.m.,9:30a.m. - 7p.m.,9:30a.m. - 7p.m.,9:30a.m. - 7p.m.,10a.m. - 4p.m.,-33.92268750000001,18.418812500000016
More Than Hype - Tattoo Art Collective,,,,+27 72 606 1499,Model Villa Oranjezicht - 4 Hiddingh Ave - Gardens - Cape Town - 8001 - South Africa,9a.m. - 5p.m.,9a.m. - 5p.m.,9a.m. - 5p.m.,9a.m. - 5p.m.,9a.m. - 5p.m.,9a.m. - 5p.m.,9a.m. - 5p.m.,-33.93418750000001,18.41668749999998
Sleight Of Hand Tattoos,,,https://sleightofhandtattoos.wixsite.com/soht,,48 Albert Rd - Woodstock - Cape Town - 7915 - South Africa,Closed,10a.m. - 6p.m.,10a.m. - 6p.m.,10a.m. - 6p.m.,10a.m. - 6p.m.,10a.m. - 6p.m.,10a.m. - 6p.m.,-33.926437500000006,18.445437499999983
Keepsake Tattoo Cape Town,,,,,Stoked Building - 175 Main Rd - Muizenberg - Cape Town - 7806 - South Africa,Closed,10a.m. - 5p.m.,10a.m. - 5p.m.,10a.m. - 5p.m.,10a.m. - 5p.m.,12a.m. - 4p.m.,Closed,-34.1090625,18.46793749999999
Wildfire Tattoo And Body Piercing Studio,,,wildfireza.com,+27 21 422 0524,206 Long St - Cape Town City Centre - Cape Town - 8000 - South Africa,10a.m. - 6p.m.,10a.m. - 6p.m.,10a.m. - 6p.m.,10a.m. - 6p.m.,10a.m. - 6p.m.,10a.m. - 5p.m.,Closed,-33.9256875,18.41556249999998
The Body Architects,,,thebodyarchitects.com,+27 82 226 4065,166 2nd Ave - Kenilworth - Cape Town - 7708 - South Africa,Closed,10:30a.m. - 6p.m.,10:30a.m. - 6p.m.,10:30a.m. - 6p.m.,10:30a.m. - 6p.m.,11a.m. - 5p.m.,Closed,-33.9944375,18.473687499999997
Queen Of Steel,,,http://www.queenofsteel.co.za/,+27 21 712 5088,Shop G64 Blue Route Mall - Tokai - Cape Town - 7945 - South Africa,9a.m. - 7p.m.,9a.m. - 7p.m.,9a.m. - 7p.m.,9a.m. - 7p.m.,9a.m. - 7p.m.,9a.m. - 7p.m.,9a.m. - 5p.m.,-34.06368750000001,18.453062499999973
Kings And Queens Ink Lounge,,,,+27 79 399 0926,5 Kiepersol St - Kuils River - Cape Town - 7580 - South Africa,9a.m. - 5p.m.,9a.m. - 5p.m.,9a.m. - 5p.m.,9a.m. - 5p.m.,9a.m. - 5p.m.,9a.m. - 3p.m.,Closed,-33.92306250000001,18.695812500000002
Good Things Tattoo,,,goodthingstattoo.com,+27 60 603 3586,304 Albert Rd - Woodstock - Cape Town - 7925 - South Africa,Closed,10a.m. - 6p.m.,10a.m. - 6p.m.,10a.m. - 6p.m.,10a.m. - 6p.m.,10a.m. - 6p.m.,Closed,-33.9275625,18.455812499999993
Kak Lucky Tattoos,,,kakluckytattoos.com,+27 21 422 2963,43 Kloof St - Gardens - Cape Town - 8001 - South Africa,Closed,11a.m. - 6p.m.,11a.m. - 6p.m.,11a.m. - 6p.m.,11a.m. - 6p.m.,11a.m. - 6p.m.,Closed,-33.9284375,18.412437499999996
Dark Horse Society,,,darkhorse.co.za,,91 1st Ave - Claremont - Cape Town - 7708 - South Africa,Closed,9a.m. - 7p.m.,9a.m. - 7p.m.,9a.m. - 7p.m.,9a.m. - 7p.m.,9a.m. - 7p.m.,Closed,-33.98918750000001,18.472437499999998
Skullbox & Tattoo Company,,,skullboxtattoocompany.com,+27 72 403 3071,Shop 2 - The Emporium - Sandown Rd - Parklands - Cape Town - 7441 - South Africa,Closed,10a.m. - 6p.m.,10a.m. - 6p.m.,10a.m. - 6p.m.,10a.m. - 6p.m.,10a.m. - 6p.m.,Closed,-33.801437500000006,18.49368749999998
Arcane Tattoo & Piercing,,,https://www.facebook.com/Arcanetattoo,+27 21 447 1967,98 Lower Main Rd - Observatory - Cape Town - 7935 - South Africa,10a.m. - 5p.m.,10a.m. - 5p.m.,10a.m. - 5p.m.,10a.m. - 5p.m.,10a.m. - 5p.m.,10a.m. - 3p.m.,Closed,-33.93831250000001,18.468937499999996
Inkfinity Tattoo Studio,,,https://www.facebook.com/inkfinity.tattoo.studio/,+27 74 664 6464,242 Voortrekker Rd - Parow - Cape Town - 7500 - South Africa,Closed,10a.m. - 5p.m.,10a.m. - 5p.m.,10a.m. - 5p.m.,10a.m. - 5p.m.,10a.m. - 5p.m.,Closed,-33.905437500000005,18.589437500000017
Skintrade Tattoos,,,skintrade.co.za,+27 76 025 2410,Shop 5 - Northpoint Centre - Porterfield Rd - Table View - Cape Town - 7441 - South Africa,10a.m. - 3p.m.,10a.m. - 6p.m.,10a.m. - 6p.m.,10a.m. - 6p.m.,10a.m. - 6p.m.,10a.m. - 6p.m.,Closed,-33.8205625,18.477687499999988
Marius Bosman'S Tattoo Studio,,,https://m.facebook.com/login.php?next=https%3A%2F%2Fm.facebook.com%2Fmariusbosmantattoos&refsrc=deprecated&_rdr,+27 78 607 5775,580 Frans Conradie Dr - Brackenfell - Cape Town - 7139 - South Africa,9a.m. - 5p.m.,9a.m. - 5p.m.,9a.m. - 5p.m.,9a.m. - 5p.m.,9a.m. - 5p.m.,9a.m. - 5p.m.,Closed,-33.8783125,18.679312499999995
Devon Slaves Tattoos,,,,+27 83 229 0376,30 Tennant Cres - N.T. - Cape Town - 7493 - South Africa,10a.m. - 5p.m.,10a.m. - 5p.m.,10a.m. - 5p.m.,10a.m. - 5p.m.,10a.m. - 5p.m.,10a.m. - 5p.m.,10a.m. - 2p.m.,-33.942687500000005,18.65793749999999
The Ink Lane Tattoos,,,facebook.com,+27 81 584 1336,Burgundy Estate - Cape Town - 7441 - South Africa,10a.m. - 5p.m.,10a.m. - 5p.m.,10a.m. - 5p.m.,10a.m. - 5p.m.,10a.m. - 5p.m.,10a.m. - 5p.m.,10a.m. - 5p.m.,-33.8394375,18.5493125
Mantra Tattoos,,,https://m.facebook.com/login.php?next=https%3A%2F%2Fm.facebook.com%2Fsamantratattoos%2F&refsrc=deprecated&_rdr,+27 82 528 0566,142 Buitengracht St - Cape Town City Centre - Cape Town - 8000 - South Africa,,,,,,,,-33.9221875,18.415312499999985
Primal Culture Tattoo Studio,,,primalculture.co.za,+27 21 707 1299,unit 3 - Clarewood - 1 Annandale Rd - Diep River - Cape Town - 7800 - South Africa,Closed,10a.m. - 4p.m.,10a.m. - 4p.m.,10a.m. - 4p.m.,10a.m. - 4p.m.,10a.m. - 2p.m.,Closed,-34.0298125,18.46606249999998
Monarch Tattoo Co.,,,https://www.monarchtattoo.co.za/,+27 76 839 6849,The Old Castle Brewery 4th Floor - Unit 410 - Woodstock - Cape Town - 7925 - South Africa,Closed,Closed,10:30a.m. - 5p.m.,10:30a.m. - 5p.m.,10:30a.m. - 5p.m.,10:30a.m. - 5p.m.,10:30a.m. - 5p.m.,-33.92481250000001,18.44868750000002
Disciples Ink Durbanville Tattoo Studio,,,disciplesink.co.za,+27 61 289 9798,1st Floor Shop 1 - Tygervally - High Street Center Durban Road - 8 Durbanville Ave - Cape Town - 7530 - South Africa,Closed,10a.m. - 5p.m.,10a.m. - 5p.m.,10a.m. - 5p.m.,10a.m. - 5p.m.,10a.m. - 5p.m.,10a.m. - 2p.m.,-33.8679375,18.640062499999985
Hellhound Tattoo Studio,,,hellhoundtattoo.co.za,+27 81 506 6495,7 Blaauwberg Rd - Table View - Cape Town - 7441 - South Africa,10a.m. - 6p.m.,10a.m. - 6p.m.,10a.m. - 6p.m.,10a.m. - 6p.m.,10a.m. - 6p.m.,9a.m. - 6p.m.,Closed,-33.8216875,18.479062499999984
Ten Two Tattoo,,,https://m.facebook.com/login.php?next=https%3A%2F%2Fm.facebook.com%2Fprofile.php%3Fid%3D1096652487018983&refsrc=deprecated&_rdr,+27 73 069 2156,24A - 26 Main Rd - Rondebosch - Cape Town - 7700 - South Africa,10a.m. - 6p.m.,10a.m. - 6p.m.,10a.m. - 6p.m.,10a.m. - 6p.m.,10a.m. - 6p.m.,10a.m. - 6p.m.,Closed,-33.9599375,18.469687500000006
Wildfire Tattoo & Piercing - Canal Walk,,,https://wildfireza.com/,+27 21 552 8929,Shop 478a - Entrance 8 - Canal Walk - Century Blvd - Century City - Cape Town - 7441 - South Africa,9a.m. - 9p.m.,9a.m. - 9p.m.,9a.m. - 9p.m.,9a.m. - 9p.m.,9a.m. - 9p.m.,9a.m. - 9p.m.,9a.m. - 9p.m.,-33.8920625,18.511812499999976
Disciples Ink Strand Tattoo Studio,,,disciplesink.co.za,+27 71 099 7458,Beach Rd - Strand - Cape Town - 7140 - South Africa,Closed,10a.m. - 5p.m.,10a.m. - 5p.m.,10a.m. - 5p.m.,10a.m. - 5p.m.,10a.m. - 5p.m.,10a.m. - 2p.m.,-34.1188125,18.827937500000004
Blake Ink Tattoo & Piercing Studio,,,,+27 76 903 2356,Gateway To Obz - 1 Cranko Rd - Observatory - Cape Town - 7925 - South Africa,10a.m. - 5p.m.,10a.m. - 5p.m.,10a.m. - 5p.m.,10a.m. - 5p.m.,10a.m. - 5p.m.,10a.m. - 5p.m.,Closed,-33.942437500000004,18.4688125
Kanasashi Tattoos,,,,+27 72 213 5072,86 Victoria Rd - Plumstead - Cape Town - 7801 - South Africa,Closed,10a.m. - 6p.m.,10a.m. - 6p.m.,10a.m. - 6p.m.,10a.m. - 6p.m.,9a.m. - 4p.m.,Closed,-34.0315625,18.481437499999984
Cape Tattoo Co,,,https://www.facebook.com/capetattoo/,+27 82 552 9423,Inside Armchair Theatre - 135 Lower Main Rd - Observatory - Cape Town - 7925 - South Africa,,,,,,,,-33.9385625,18.4686875
Moving Art Tattoos And Piercings,,,movingarttattoos.co.za,+27 72 869 8237,18 Monte Vista Blvd - Monte Vista - Cape Town - 7460 - South Africa,,,,,,,,-33.887187499999996,18.553437500000015
Afterlife Ink Tattoos,,,https://www.facebook.com/afterlifetattoos83/,+27 78 743 7712,140 Voortrekker Rd - Goodwood - Cape Town - 7460 - South Africa,9a.m. - 5p.m.,9a.m. - 5p.m.,9a.m. - 5p.m.,9a.m. - 5p.m.,9a.m. - 5p.m.,9a.m. - 5p.m.,9a.m. - 5p.m.,-33.9119375,18.55318750000002
True Colours Tattoo Studio,,,,+27 82 503 7714,G17 - Stadium on Main - 99 Main Rd - Claremont - Cape Town - 7708 - South Africa,10a.m. - 5p.m.,10a.m. - 5p.m.,10a.m. - 5p.m.,10a.m. - 5p.m.,10a.m. - 5p.m.,10a.m. - 4p.m.,Closed,-33.9795625,18.465312499999968
Team Black Sheep Tattoos,,,https://www.facebook.com/teamblacksheeptattoocapetown/,+27 79 367 0116,12 Marine Cir - Table View - Cape Town - 7441 - South Africa,10a.m. - 5:30p.m.,10a.m. - 5:30p.m.,10a.m. - 5:30p.m.,10a.m. - 5:30p.m.,10a.m. - 5:30p.m.,10a.m. - 5p.m.,Closed,-33.8199375,18.477812499999985
Serenity Tattoos & Piercings Cpt,,,,+27 64 317 1588,11 Vlei St - Parow Valley - Cape Town - 7530 - South Africa,9a.m. - 8p.m.,9a.m. - 8p.m.,9a.m. - 8p.m.,9a.m. - 8p.m.,9a.m. - 8p.m.,10a.m. - 5p.m.,11a.m. - 3p.m.,-33.9154375,18.595187499999994
Illusion Tattoos Supplies (Tattoos & Piercings) (Pty) Ltd.,,,https://www.illusiontattoos.co.za/,+27 62 682 8327,52 Cross Rd - Table View - Cape Town - 7441 - South Africa,,,,,,,,-33.824937500000004,18.516312499999984
Bethaaink_Tattoo & Piercing,,,chrome-error://chromewebdata/,+27 67 884 2957,24 Plein St - Cape Town City Centre - Cape Town - 8000 - South Africa,Open 24 hours,Open 24 hours,Open 24 hours,Open 24 hours,Open 24 hours,Open 24 hours,Open 24 hours,-33.924937500000006,18.42218750000002
The Tattooer,,,https://www.thetattooer.net/,+27 82 456 2858,13th Ave - Boston - Cape Town - 7530 - South Africa,Closed,10a.m. - 5p.m.,10a.m. - 5p.m.,10a.m. - 5p.m.,10a.m. - 5p.m.,10a.m. - 5p.m.,Closed,-33.8933125,18.61456249999999
Black Jack Tattoos,,,heytattoo.co.za,+27 66 434 7976,83 Voortrekker Rd - Glenlily - Cape Town - 8000 - South Africa,8a.m. - 5p.m.,8a.m. - 5p.m.,8a.m. - 5p.m.,8a.m. - 5p.m.,8a.m. - 5p.m.,8a.m. - 5p.m.,Closed,-33.906937500000005,18.57893750000001
Studio 52,,,,,Parklands Junction - Parklands Main Rd & Wood Dr - Parklands - Cape Town - 7441 - South Africa,9a.m. - 5p.m.,9a.m. - 5p.m.,9a.m. - 5p.m.,9a.m. - 5p.m.,9a.m. - 5p.m.,9a.m. - 5p.m.,Closed,-33.8135625,18.507937499999983
Palm Black Tattoo,,,https://www.instagram.com/palmblacktattoo/,+27 21 461 0622,16B Kloof Nek Rd - Gardens - Cape Town - 8001 - South Africa,Closed,10a.m. - 5p.m.,10a.m. - 5p.m.,10a.m. - 5p.m.,10a.m. - 5p.m.,10a.m. - 5p.m.,Closed,-33.930437500000004,18.407187500000006
Skullair Tattoo Supplies Cape Town,,,skullair.co.za,+27 81 040 5194,127 Blaauwberg Rd - Table View - Cape Town - 7441 - South Africa,8a.m. - 7p.m.,8a.m. - 7p.m.,8a.m. - 7p.m.,8a.m. - 7p.m.,8a.m. - 7p.m.,8a.m. - 7p.m.,8a.m. - 7p.m.,-33.825812500000005,18.49481249999998
Black Cannon Tattoos,,,bctattoo.co.za,+27 72 732 0482,120 Main Rd - Muizenberg - Cape Town - 7945 - South Africa,Closed,9:30a.m. - 5p.m.,9:30a.m. - 5p.m.,9:30a.m. - 5p.m.,9:30a.m. - 5p.m.,9:30a.m. - 5p.m.,Closed,-34.10668750000001,18.46793749999999
Mad Ink Tattoos,,,madink.co.za,+27 71 302 2660,54 McIntyre St - Glenlily - Cape Town - 7500 - South Africa,Closed,9a.m. - 4:30p.m.,9a.m. - 4:30p.m.,9a.m. - 4:30p.m.,9a.m. - 4:30p.m.,9a.m. - 2p.m.,Closed,-33.90143750000001,18.5876875
Sanctum Design Tattoo Theatre,,,,+27 71 489 0520,Capricorn Beach Estate - 39 Santiago Bay - Sanderling Rd - Muizenberg - Cape Town - 7975 - South Africa,10a.m. - 8p.m.,9a.m. - 8p.m.,9a.m. - 8p.m.,9a.m. - 8p.m.,9a.m. - 8p.m.,10a.m. - 8p.m.,10a.m. - 8p.m.,-34.0978125,18.491062499999984
Sally Mustang Tattoos Cape Town,,,https://www.sallymustangs.co/,+27 21 426 9020,29 Park Ave - Hout Bay - Cape Town - 7806 - South Africa,Closed,10a.m. - 5p.m.,10a.m. - 5p.m.,10a.m. - 5p.m.,10a.m. - 5p.m.,10a.m. - 5p.m.,Closed,-34.0151875,18.35131249999999
Killswitch-Ink,,,,+27 81 499 1138,3 Clarens Rd - Sea Point - Cape Town - 8060 - South Africa,8a.m. - 6p.m.,8a.m. - 6p.m.,8a.m. - 6p.m.,8a.m. - 6p.m.,8a.m. - 6p.m.,9a.m. - 3p.m.,Closed,-33.919812500000006,18.385562499999978
All Hands Tattoo Studio,,,,+27 72 136 2347,77 Main Rd - Muizenberg - Cape Town - 7945 - South Africa,9a.m. - 5p.m.,9a.m. - 6p.m.,9a.m. - 6p.m.,9a.m. - 6p.m.,9a.m. - 6p.m.,9a.m. - 6p.m.,9a.m. - 5p.m.,-34.1049375,18.468187500000013
Inkrepublik Tattoo Studio,,,,+27 65 676 7289,Shop 13 Village Gate - Main Rd - Hout Bay - Cape Town - 7806 - South Africa,10a.m. - 5p.m.,10a.m. - 5p.m.,10a.m. - 5p.m.,10a.m. - 5p.m.,10a.m. - 5p.m.,9a.m. - 4p.m.,Closed,-34.0454375,18.360812499999994
Ink Cartel Cape Town,,,https://barbercartel.co.za/,+27 79 501 9219,87 Victoria Rd - Camps Bay - Cape Town - 8001 - South Africa,Closed,10a.m. - 6p.m.,10a.m. - 6p.m.,10a.m. - 6p.m.,10a.m. - 6p.m.,10a.m. - 3p.m.,10a.m. - 3p.m.,-33.9536875,18.377187500000005
Dreaming Ink,,,https://www.instagram.com/dreaminginktattoos/,+27 84 232 0537,34 Palmer Rd - Muizenberg - Cape Town - 7950 - South Africa,Closed,10a.m. - 4:30p.m.,10a.m. - 4:30p.m.,10a.m. - 4:30p.m.,10a.m. - 4:30p.m.,10a.m. - 4:30p.m.,Closed,-34.105562500000005,18.469687500000006
Wildfire Tattoo And Body Piercing Studio,,,wildfireza.com,+27 79 244 8699,Unit 4 - Access park - 81 Chichester Rd - Kenilworth - Cape Town - 7708 - South Africa,9a.m. - 6p.m.,9a.m. - 6p.m.,9a.m. - 6p.m.,9a.m. - 6p.m.,9a.m. - 6p.m.,9a.m. - 4p.m.,Closed,-33.987812500000004,18.487812499999976
New Dawn Tattoos,,,https://www.facebook.com/newdawntattoos,+27 71 482 1412,136 Edward Rd - Bo Oakdale - Cape Town - 7530 - South Africa,Closed,10a.m. - 5p.m.,10a.m. - 5p.m.,10a.m. - 5p.m.,10a.m. - 5p.m.,10a.m. - 5p.m.,10a.m. - 5p.m.,-33.8783125,18.636437499999985
Tools Of Trade Tattoo Studios,,,,+27 65 299 5498,10a Brickfield Park - 18 Brickfield Rd - Woodstock - Cape Town - 7925 - South Africa,10a.m. - 6p.m.,10a.m. - 6p.m.,10a.m. - 6p.m.,10a.m. - 6p.m.,10a.m. - 6p.m.,10a.m. - 6p.m.,Closed,-33.9346875,18.457062499999992
Master G Inks Cape Town,,,,+27 79 932 8358,261 Main Rd - Sea Point - Cape Town - 8001 - South Africa,9a.m. - 7p.m.,9a.m. - 7p.m.,9a.m. - 7p.m.,9a.m. - 7p.m.,9a.m. - 7p.m.,Closed,10a.m. - 5p.m.,-33.909312500000006,18.395937499999988
Black & White Tattoo Studios - Cape Town,,,blackandwhitetattoostudios.co.za,+27 68 143 2262,Shop 407a - Canal Walk Mall - Century Blvd - Century City - Cape Town - 7441 - South Africa,9:30a.m. - 6p.m.,9:30a.m. - 6p.m.,9:30a.m. - 6p.m.,9:30a.m. - 6p.m.,9:30a.m. - 6p.m.,10a.m. - 5p.m.,10a.m. - 5p.m.,-33.8936875,18.50931249999998
The Witch House,,,thewitchhouse.co.za,+27 78 083 5808,34 1st Ave - Claremont - Cape Town - 7708 - South Africa,10a.m. - 5p.m.,10a.m. - 5p.m.,10a.m. - 5p.m.,10a.m. - 5p.m.,10a.m. - 5p.m.,10a.m. - 5p.m.,Closed,-33.9866875,18.472187500000004
Henna Tattoos,,,hennatattoos.co.za,+27 82 324 3741,"14 Highgrove, - 35 Tokai Rd - Tokai - Cape Town - 7945 - South Africa",8a.m. - 4p.m.,8a.m. - 4p.m.,8a.m. - 4p.m.,8a.m. - 4p.m.,8a.m. - 4p.m.,Closed,Closed,-34.065562500000006,18.453062499999973
Marshall Law Tattoo Studio,,,,+27 82 223 2269,c/o Jakes Gerwel Drive &Morgenster Road - Mitchells Plain - Cape Town - 7798 - South Africa,10a.m. - 6p.m.,10a.m. - 6p.m.,10a.m. - 6p.m.,10a.m. - 6p.m.,9a.m. - 6p.m.,8a.m. - 3:30p.m.,Closed,-34.0430625,18.586812499999994
Amethyst Body Art,,,https://amethystbodyart.com/,+27 71 927 9773,19 Blaauwberg Rd - Table View - Cape Town - 7441 - South Africa,10a.m. - 5:30p.m.,10a.m. - 5:30p.m.,10a.m. - 5:30p.m.,10a.m. - 5:30p.m.,10a.m. - 5:30p.m.,10a.m. - 5:30p.m.,Closed,-33.8221875,18.480562499999976
Secret Garden Tattoo,,,,+27 82 944 0491,161 Main Rd - Plumstead - Cape Town - 7800 - South Africa,Closed,10a.m. - 6p.m.,10a.m. - 6p.m.,10a.m. - 6p.m.,10a.m. - 6p.m.,10a.m. - 3p.m.,Closed,-34.02131249999999,18.4675625
Whittleink Tattoo Studio,,,https://www.facebook.com/WhittleInkFamily/?ref=pages_you_manage,+27 83 680 4047,186 Metropolitan St - Beacon Valley - Cape Town - 7785 - South Africa,5 - 7p.m.,5 - 7p.m.,5 - 7p.m.,5 - 7p.m.,5 - 7p.m.,10a.m. - 7p.m.,10a.m. - 5p.m.,-34.0388125,18.625187499999996
Samurai Empire Tattoo Studio,,,,+27 79 412 8522,Tygervalley - Shop 2 - Cascades 1 Tyger Waterfront - Cape Town - 7785 - South Africa,Closed,Closed,9a.m. - 8p.m.,9a.m. - 8p.m.,9a.m. - 8p.m.,9a.m. - 8p.m.,11a.m. - 8p.m.,-33.8755625,18.628437500000004
Ink & Cbd Studio 85,,,,+27 65 993 6151,Parklands Park West Centre Unit 12A2 - Cape Town - 7441 - South Africa,9a.m. - 5p.m.,9a.m. - 5p.m.,9a.m. - 5p.m.,9a.m. - 5p.m.,9a.m. - 5p.m.,Closed,Closed,-33.8104375,18.511062499999994
Skin Vandal Tattoos,,,business.site,+27 73 790 5732,31 Coway St - Diepwater - Cape Town - 7580 - South Africa,8a.m. - 4a.m.,8a.m. - 4p.m.,8a.m. - 4p.m.,8a.m. - 4p.m.,8a.m. - 4p.m.,8a.m. - 4p.m.,10a.m. - 4p.m.,-33.9734375,18.660062499999995
Needles & Pins Tattoo,,,https://needlespins-tattoo.business.site/,+27 61 419 3694,Shop 2 Triangle Square - Cnr de Waal & - 1st Cres - Fish Hoek - Cape Town - 7974 - South Africa,Closed,10a.m. - 5p.m.,10a.m. - 5p.m.,10a.m. - 5p.m.,10a.m. - 5p.m.,10a.m. - 5p.m.,Closed,-34.1358125,18.4315625
"""R""""Ink Tattoos Sa""",,,https://rink-tattoos-sa.business.site/?utm_source=gmb&utm_medium=referral,+27 71 359 2095,18 Marlborough St - Marlborough - Cape Town - 7500 - South Africa,9a.m. - 8p.m.,9a.m. - 8p.m.,9a.m. - 8p.m.,9a.m. - 8p.m.,9a.m. - 8p.m.,9a.m. - 8p.m.,9a.m. - 2p.m.,-33.8520625,18.70031249999998
Gray'S Ink,,,https://grays-ink.business.site/,+27 62 341 9226,4 Stag Cres - Mitchells Plain - Cape Town - 7785 - South Africa,6 - 9p.m.,6 - 9p.m.,6 - 9p.m.,6 - 9p.m.,5:30 - 10p.m.,10a.m. - 10p.m.,Closed,-34.0543125,18.62781249999999
Pennyred Tattoo Supplies (Pty)Ltd. & Tattoo Studio,,,https://www.pennyred.co.za/,+27 83 265 8344,Sunningdale - Cape Town - 7441 - South Africa,9a.m. - 6p.m.,9a.m. - 6p.m.,9a.m. - 6p.m.,9a.m. - 6p.m.,9a.m. - 6p.m.,9a.m. - 2p.m.,Closed,-33.8111875,18.49043749999997
Ink 'N Steel - Tattoo & Piercings,,,https://ink-n-steel-tattoo-piercings.business.site/?utm_source=gmb&utm_medium=referral,+27 71 338 3785,Shop 2B De Bron Centre - Gardener St - Vredekloof Heights - 7560 - South Africa,9a.m. - 6p.m.,9a.m. - 6p.m.,9a.m. - 6p.m.,9a.m. - 6p.m.,9a.m. - 6p.m.,9a.m. - 3p.m.,Closed,-33.856812500000004,18.690437499999987
True Black Tattoo Training,,,,+27 84 569 1406,2 Long St - Cape Town City Centre - Cape Town - 7441 - South Africa,9a.m. - 5p.m.,9a.m. - 5p.m.,9a.m. - 5p.m.,9a.m. - 5p.m.,9a.m. - 5p.m.,9a.m. - 1p.m.,Closed,-33.9184375,18.4230625
Murder Ink Tattoo & Piercing Lounge,,,,+27 21 811 1779,116 Lang St - Kuils River - Cape Town - 7580 - South Africa,10a.m. - 6p.m.,10a.m. - 6p.m.,10a.m. - 6p.m.,10a.m. - 6p.m.,10a.m. - 6p.m.,11a.m. - 4p.m.,Closed,-33.93168750000001,18.681687499999995
Hood Ink,,,,+27 78 783 5615,26B Lower Main Rd - Observatory - Cape Town - 7935 - South Africa,,,,,,,,-33.94168750000001,18.468937499999996
Black Rose Tattoos,,,,+27 73 023 0746,363 Albert Rd - Woodstock - Cape Town - 7915 - South Africa,10a.m. - 5p.m.,10a.m. - 5p.m.,10a.m. - 5p.m.,10a.m. - 5p.m.,10a.m. - 5p.m.,10a.m. - 4p.m.,Closed,-33.9274375,18.45631249999998
Tainted Skin Tattoo Studio,,,,+27 79 698 1962,Murray St - Vasco Estate - Cape Town - 7460 - South Africa,10a.m. - 5p.m.,10a.m. - 5p.m.,10a.m. - 5p.m.,10a.m. - 5p.m.,10a.m. - 5p.m.,10a.m. - 2p.m.,Closed,-33.90981250000001,18.557937499999994
'S' Tattoo Supplies And Skincare Products,,,https://s-tattoo-supplies.business.site/?utm_source=gmb&utm_medium=referral,+27 68 055 5555,269B Voortrekker Rd - Parow - Cape Town - 7500 - South Africa,9a.m. - 5p.m.,9a.m. - 5p.m.,9a.m. - 5p.m.,9a.m. - 5p.m.,9a.m. - 5p.m.,9a.m. - 2p.m.,Closed,-33.9044375,18.593062499999988
Aya Soul Tattoos,,,pingils.co.za,+27 82 564 9992,222 Sir Lowry Rd - Zonnebloem - Cape Town - 7925 - South Africa,Closed,10a.m. - 7p.m.,10a.m. - 7p.m.,10a.m. - 7p.m.,10a.m. - 5p.m.,10a.m. - 5p.m.,Closed,-33.9279375,18.439812500000002
Brightstar Tattoo And Piercing Studio,,,,+27 74 782 7640,15 Oxford Cres - london village - Cape Town - 7785 - South Africa,Closed,Closed,Closed,Closed,Closed,9a.m. - 6p.m.,9a.m. - 5p.m.,-34.0244375,18.579437500000026
Rotten Apple Tattoo Studio,,,,+27 78 936 7861,Shop 276 Retreat Rd - Retreat - Cape Town - 7945 - South Africa,11a.m. - 5p.m.,11a.m. - 5p.m.,11a.m. - 5p.m.,11a.m. - 5p.m.,11a.m. - 5p.m.,11a.m. - 3p.m.,Closed,-34.0585625,18.46681249999996
All Or Nothing Tattoo Studio,,,,+27 82 556 0898,145 Sir Lowry Rd - Zonnebloem - Cape Town - Western Cape - Cape Town - 7925 - South Africa,10a.m. - 2p.m.,10a.m. - 4p.m.,10a.m. - 4p.m.,10a.m. - 4p.m.,10a.m. - 4p.m.,10a.m. - 6p.m.,Closed,-33.9280625,18.443187500000008
Firehawk Ink,,,https://firehawkink.wixsite.com/tattoo,+27 72 693 6334,15 Lingfield closer Close - Milnerton Ridge - Cape Town - 7441 - South Africa,9a.m. - 9p.m.,9a.m. - 9p.m.,9a.m. - 9p.m.,9a.m. - 9p.m.,9a.m. - 9p.m.,9a.m. - 9p.m.,9a.m. - 9p.m.,-33.8488125,18.513312499999998
Lady Luck Tattoos,,,,,2nd floor - 53 Wale St - CBD - Cape Town - 8001 - South Africa,,,,,,,,-33.922312500000004,18.416062499999995
Vg Tattooing,,,,+27 78 599 8900,64 Clare St - Connaught - Cape Town - 7490 - South Africa,9a.m. - 5p.m.,9a.m. - 5p.m.,9a.m. - 5p.m.,9a.m. - 5p.m.,9a.m. - 5p.m.,9a.m. - 5p.m.,9a.m. - 5p.m.,-33.93143750000001,18.587562500000004
Mimi D Tattoo,,,https://www.instagram.com/mimi_d_tattoo/,,136 Buitenkant St - Gardens - Cape Town - 8001 - South Africa,,,,,,,,-33.933437500000004,18.419187500000007
Ironclad Tattoos,,,https://aidincityonfire.wixsite.com/ironcladtattoos,+27 84 955 0943,3 Viola Rd - Table View - Cape Town - 7441 - South Africa,9a.m. - 12p.m.,9a.m. - 6p.m.,9a.m. - 6p.m.,Closed,9a.m. - 6p.m.,9a.m. - 6p.m.,9a.m. - 12p.m.,-33.819187500000005,18.47756249999999
Gypsy Cove Tattoo,,,,+27 74 318 0080,2nd Floor - One11 Gallery - 111 Loop St - Cape Town City Centre - Cape Town - 8001 - South Africa,11a.m. - 6p.m.,11a.m. - 6p.m.,11a.m. - 6p.m.,11a.m. - 6p.m.,11a.m. - 6p.m.,11a.m. - 3p.m.,11a.m. - 3p.m.,-33.92268750000001,18.417937500000008
The Tattoo Shop Bellville,,,,+27 72 351 5177,217 Bellevue St - Kempenville - Cape Town - 7530 - South Africa,9a.m. - 8p.m.,9a.m. - 8p.m.,9a.m. - 8p.m.,9a.m. - 8p.m.,9a.m. - 8p.m.,9a.m. - 8p.m.,9a.m. - 8p.m.,-33.90168750000001,18.6358125
444Tattoostudio,,,https://www.instagram.com/444tattoostudio/,+27 69 632 3689,Sable Square Shopping Centre - Century City - Cape Town - 7441 - South Africa,10a.m. - 5p.m.,10a.m. - 5p.m.,10a.m. - 5p.m.,10a.m. - 5p.m.,10a.m. - 5p.m.,Closed,Closed,-33.8818125,18.51006249999999
Tattoo At Studio 52,,,,,Milnerton Rural - Cape Town - 7441 - South Africa,,,,,,,,-33.813812500000004,18.507437499999995
Skin Tattoo Studio,,,https://skintattoo.weebly.com/,+27 66 238 5571,106 Scott Rd - Parow - Cape Town - 7500 - South Africa,9a.m. - 5p.m.,9a.m. - 5p.m.,9a.m. - 5p.m.,9a.m. - 9p.m.,9a.m. - 5p.m.,9a.m. - 12p.m.,Closed,-33.8995625,18.575937500000023
Long Street Tattoo Co.,,,https://longstreettattoo.co.za/,+27 81 897 2531,305 Long St - CBD - Cape Town - 8001 - South Africa,Closed,11a.m. - 7p.m.,11a.m. - 7p.m.,11a.m. - 7p.m.,11a.m. - 7p.m.,11a.m. - 7p.m.,Closed,-33.927062500000005,18.414187499999983
West Coast Inked Tattoo,,,,+27 73 733 5724,35 coot cresent Flamingo Vlei - Milnerton Rural - Cape Town - 7441 - South Africa,9a.m. - 5p.m.,9a.m. - 5p.m.,9a.m. - 5p.m.,9a.m. - 5p.m.,9a.m. - 5p.m.,9a.m. - 5p.m.,9a.m. - 5p.m.,-33.8354375,18.505812500000005
The Salty Dog Tattoo Parlour,,,,,374 - 14 Salt Circle Arcade - Albert Rd - Salt River - Cape Town - 7925 - South Africa,,,,,,,,-33.9281875,18.458187499999994
The Tattoo Den,,,https://thetattooden.business.site/?utm_source=gmb&utm_medium=referral,+27 73 373 4681,10 Wellington St - Portland - Cape Town - 7785 - South Africa,10a.m. - 10p.m.,10a.m. - 10p.m.,10a.m. - 10p.m.,10a.m. - 10p.m.,10a.m. - 10p.m.,10a.m. - 10p.m.,11a.m. - 8p.m.,-33.8879375,18.636812499999976
Luna Tattoo,,,,,107 Blaauwberg Rd - Table View - Cape Town - 7441 - South Africa,10a.m. - 6p.m.,10a.m. - 6p.m.,10a.m. - 6p.m.,10a.m. - 6p.m.,10a.m. - 6p.m.,10a.m. - 3p.m.,10a.m. - 3p.m.,-33.825187500000006,18.492187499999986
Cailin Tattoo,,,,,111 Loop St - Cape Town City Centre - Cape Town - 8001 - South Africa,Closed,11a.m. - 6p.m.,11a.m. - 6p.m.,11a.m. - 6p.m.,11a.m. - 6p.m.,11a.m. - 4p.m.,Closed,-33.92268750000001,18.417937500000008
Aztec Tatoo & Piercing,,,,,Edward Rd - Bo Oakdale - Cape Town - 7530 - South Africa,,,,,,,,-33.881437500000004,18.635562499999978
Die Honest,,,diehonest.com,,Sins of Style - 37 Barrack St - Zonnebloem - Cape Town - 7925 - South Africa,,,,,,,,-33.9280625,18.42343750000002
Cpt Ink Addicts,,,https://cpt-ink-addicts.business.site/?utm_source=gmb&utm_medium=referral,+27 61 585 9347,4 Ayrshire Cl - Westridge - Cape Town - 7785 - South Africa,Closed,Closed,Closed,Closed,Closed,10a.m. - 6p.m.,10a.m. - 3p.m.,-34.0528125,18.607062499999998
Regnif Temporary Tattoos,,,,,45 Mill St - Gardens - Cape Town - 8001 - South Africa,,,,,,,,-33.9335625,18.41856250000002
Temp Tattoos Cc,,,,+27 21 433 0396,Helen Suzman Blvd - Cape Town - 8000 - South Africa,,,,,,,,-33.91406250000001,18.421312500000013
Disciples Ink,,,,+27 83 783 0183,Floor 1 High Street Ctr Tygervalley - Bellville - 7530 - South Africa,,,,,,,,-33.8688125,18.639562499999997
Killswitch Ink Cape Town,,,,+27 81 499 1138,86 Charles Grodes Cres - Ravensmead - Cape Town - 7493 - South Africa,9a.m. - 6:30p.m.,9a.m. - 6:30p.m.,9a.m. - 6:30p.m.,9a.m. - 6:30p.m.,9a.m. - 6:30p.m.,9a.m. - 6p.m.,Closed,-33.9271875,18.6045625
Wild Side Tattoos,,,wildsidetattooz.co.za,+27 78 761 9932,80 Da Gama Street - 1 Barnhyme Court - Brooklyn - Cape Town - 7405 - South Africa,,,,,,,,-33.908687500000006,18.482937499999977
Here Now Tattoo,,,https://www.instagram.com/herenowtattoo/,,2nd floor - 53 Wale St - CBD - Cape Town - 8001 - South Africa,Closed,10a.m. - 6p.m.,10a.m. - 6p.m.,10a.m. - 6p.m.,10:30a.m. - 6p.m.,10a.m. - 6p.m.,Closed,-33.922312500000004,18.416062499999995
Bad Monkey Tattoo Studio,,,,,258 Blaauwberg Rd - Table View - Cape Town - 7441 - South Africa,,,,,,,,-33.831812500000005,18.513562499999992
The Gallery Tattoo Studio,,,,+27 79 474 8403,363 Albert Rd - Woodstock - Cape Town - 7925 - South Africa,9a.m. - 5p.m.,9a.m. - 5p.m.,9a.m. - 5p.m.,9a.m. - 5p.m.,9a.m. - 5p.m.,9a.m. - 3p.m.,Closed,-33.927312500000006,18.45631249999998
Hood Ink Tattoos,,,https://www.facebook.com/hoodinktattoos,+27 61 854 9087,Postdam Road & - Winning Way - Dunoon - Cape Town - 7441 - South Africa,9a.m. - 7:30p.m.,9a.m. - 7:30p.m.,9a.m. - 7:30p.m.,9a.m. - 7:30p.m.,9a.m. - 7:30p.m.,9a.m. - 7:30p.m.,9a.m. - 7:30p.m.,-33.8154375,18.536937500000008
Midnight Sun Tattoo,,,,+27 76 912 1381,unit 5 - Eaton Centre - 19 Blaauwberg Rd - Table View - Cape Town - 7441 - South Africa,Closed,10a.m. - 6p.m.,10a.m. - 6p.m.,10a.m. - 6p.m.,10a.m. - 6p.m.,10a.m. - 6p.m.,Closed,-33.8220625,18.480562499999976
Siegwerk Ink,,,,+27 21 552 6125,17 3rd St - Montague Gdns Ind - Cape Town - 7441 - South Africa,,,,,,,,-33.8616875,18.519687500000018
The Tattoo Valley,,,thetattoovalley.co.za,+27 79 217 6199,Appointment only - 37 Longboat St - Sunnydale - Cape Town - 7975 - South Africa,,,,,,,,-34.1256875,18.391937499999997
Wredekloof Hair And Tattoo Studio,,,https://www.facebook.com/hairbyjessiedk/,+27 76 870 0327,4 Marigold Way - Vredekloof - Cape Town - 7560 - South Africa,9a.m. - 5:30a.m.,9a.m. - 5:30p.m.,9a.m. - 5:30p.m.,9a.m. - 5:30p.m.,8:30a.m. - 5:30p.m.,8:30a.m. - 3p.m.,Closed,-33.8594375,18.683312500000014
The Ink Lounge,,,https://www.facebook.com/The-Ink-Lounge-111249148902892/,+27 84 650 3749,144 Voortrekker Rd - Glenlily - Cape Town - 7500 - South Africa,10a.m. - 5p.m.,10a.m. - 5p.m.,10a.m. - 5p.m.,10a.m. - 5p.m.,10a.m. - 5p.m.,9a.m. - 2p.m.,Closed,-33.90656250000001,18.583187500000022
Candy Moment Tattoos,,,,,Marine drive - Helderberg Rural - Cape Town - 7140 - South Africa,10a.m. - 6p.m.,10a.m. - 6p.m.,10a.m. - 6p.m.,10a.m. - 6p.m.,10a.m. - 6p.m.,10a.m. - 3p.m.,10a.m. - 1p.m.,-34.153687500000004,18.8678125
Freestylers Tattoo Lounge,,,,,12 Beach Blvd - Table View - Cape Town - 7441 - South Africa,,,,,,,,-33.8208125,18.477062500000002
Hooligansink,,,,+27 84 818 5207,25 Rhebok Cl - Loevenstein - Cape Town - 7530 - South Africa,,,,,,,,-33.887687500000006,18.615187499999976
Tattoo Zone Studio,,,,+27 81 518 2969,83 Voortrekker Rd - Parow - Cape Town - 7500 - South Africa,9a.m. - 6p.m.,9a.m. - 6p.m.,9a.m. - 6p.m.,9a.m. - 6p.m.,9a.m. - 6p.m.,9a.m. - 6p.m.,9a.m. - 2p.m.,-33.90706250000001,18.578812500000012
Tattooist Guy,,,https://www.tattooistguy.com/,+27 74 185 8425,48 Albert Rd - Woodstock - Cape Town - 7925 - South Africa,Closed,10a.m. - 5p.m.,10a.m. - 1p.m.,10a.m. - 5p.m.,9a.m. - 12p.m.,10a.m. - 5p.m.,10a.m. - 3p.m.,-33.926437500000006,18.445437499999983
Ghostbong Tattoos,,,,+27 81 762 9702,128 Fairview Rd - penhill estate - Cape Town - 7100 - South Africa,Open 24 hours,Open 24 hours,Open 24 hours,Open 24 hours,Open 24 hours,Open 24 hours,Open 24 hours,-33.9924375,18.736312499999983
Tattoos By Gabrin Minnaar,,,,,43 Van Riebeeck Rd - Kuils River - Cape Town - 7580 - South Africa,,,,,,,,-33.922312500000004,18.67706250000002
Iron Warrior Tattoo Supplies,,,,,5 Cornwall Pl - Wynberg - Cape Town - 7800 - South Africa,,,,,,,,-34.001062499999996,18.467812499999994
Salvatrix Ink Tattoo Studio,,,,+27 76 798 5377,Grove Ave - Cape Town - 7735 - South Africa,Closed,10a.m. - 6p.m.,10a.m. - 6p.m.,10a.m. - 6p.m.,10a.m. - 6p.m.,10a.m. - 6p.m.,10a.m. - 5p.m.,-33.982687500000004,18.46231249999998
Lafriniere Collection,,,,+27 83 566 7431,138 Bree St - Cape Town City Centre - Cape Town - 8001 - South Africa,,,,,,,,-33.9229375,18.416062499999995
Gugulethu Tattoo Store,,,chrome-error://chromewebdata/,+27 63 785 3572,Ny13 No21 - Guguletu - Cape Town - 7750 - South Africa,9:30a.m. - 6p.m.,9:30a.m. - 6p.m.,9:30a.m. - 6a.m.,9:30a.m. - 6a.m.,9:30a.m. - 6a.m.,9:30a.m. - 6a.m.,11a.m. - 3p.m.,-33.980312500000004,18.5625625
Hoodoo Tattoos,,,,+27 21 554 4086,Eden On The Bay Mall - Sir David Baird Dve - Bloubergstrand - Milnerton - 7441 - South Africa,,,,,,,,-33.80018750000001,18.461062499999983
Satori Ink Cpt,,,,+27 61 590 6231,Allenby Dr - Retreat - Cape Town - 7945 - South Africa,9a.m. - 5p.m.,9a.m. - 5p.m.,9a.m. - 5p.m.,9a.m. - 5p.m.,9a.m. - 5p.m.,9a.m. - 5p.m.,9a.m. - 5p.m.,-34.067687500000005,18.4686875
Smackatatt,,,,+27 76 135 3371,2 Kingsmead Ave - Kingston - Cape Town - 7530 - South Africa,Open 24 hours,Open 24 hours,Open 24 hours,Open 24 hours,Open 24 hours,Open 24 hours,Open 24 hours,-33.8978125,18.632437499999995
The Tattoo Lounge,,,,+27 81 869 5600,460 Main Rd - Retreat - Cape Town - 7945 - South Africa,Closed,10a.m. - 6p.m.,10a.m. - 6p.m.,10a.m. - 6p.m.,10a.m. - 6p.m.,10a.m. - 6p.m.,Closed,-34.080562500000006,18.455812499999993
Mean Jean Tattoos,,,,+27 71 179 0057,31 Justin St - Brooklyn - Cape Town - 7405 - South Africa,9a.m. - 7p.m.,9a.m. - 7p.m.,9a.m. - 7p.m.,9a.m. - 7p.m.,9a.m. - 7p.m.,10a.m. - 8p.m.,Closed,-33.9079375,18.482687499999983
C.T.E Tattoos Supplies,,,https://www.illusiontattoos.co.za/,+27 81 374 9130,152 Gie Rd - Table view - Cape Town - 7441 - South Africa,,,,,,,,-33.806937500000004,18.51481249999999
Shapeshiftstudio,,,,+27 79 710 4312,1 Glynville terrace - no.5A media hive building - Gardens - Cape Town - 0070 - South Africa,Closed,11a.m. - 5:30p.m.,11a.m. - 5:30p.m.,11a.m. - 5:30p.m.,11a.m. - 5:30p.m.,12 - 5:30p.m.,Closed,-33.93181250000001,18.416562499999984
Oldfield Tattoos,,,,+27 21 461 5218,5 Wandel St - Gardens - Cape Town - 8001 - South Africa,Closed,10:30a.m. - 6p.m.,10:30a.m. - 6p.m.,10:30a.m. - 6p.m.,10:30a.m. - 6p.m.,10:30a.m. - 6p.m.,Closed,-33.93143750000001,18.417687500000014
Maverick Ink Sa,,,,,120 Main Rd - Muizenberg - Cape Town - 7950 - South Africa,,,,,,,,-34.10668750000001,18.467687499999997
@ That Tattoo Studio,,,chrome-error://chromewebdata/,+27 65 350 7565,9 Campberwell rd - 702 The Ritz - Sea Point - Cape Town - 8005 - South Africa,10a.m. - 8p.m.,10a.m. - 8p.m.,10a.m. - 8p.m.,10a.m. - 8p.m.,10a.m. - 8p.m.,10a.m. - 8p.m.,10a.m. - 8p.m.,-33.909312500000006,18.396937499999993
Laser Tattoo Removal Cape Town,,,lasertattooremovalcapetown.co.za,+27 79 168 7209,102 Oakland Hill Rd - Parklands - Cape Town - 7441 - South Africa,Closed,11a.m. - 4p.m.,11a.m. - 4p.m.,11a.m. - 4p.m.,Closed,10a.m. - 4p.m.,Closed,-33.7968125,18.499687500000007
Ctrl+Alt+Del Tattoo Removal & Lightening,,,,+27 83 411 1821,17 Redcliffe Cl - Parklands - Cape Town - 7441 - South Africa,10a.m. - 5:30p.m.,10a.m. - 5:30p.m.,10a.m. - 5:30p.m.,10a.m. - 5:30p.m.,10a.m. - 5:30p.m.,10a.m. - 3p.m.,Closed,-33.81418750000001,18.499062499999994
Empire Tattoo Studio,,,https://hadleybrauns5.wixsite.com/my-site,+27 84 445 1999,Shop 4 - 144 Main Rd - Somerset West - Cape Town - 7130 - South Africa,,,,,,,,-34.0819375,18.849437500000036
Carvel,,,carvel.co.za,+27 82 044 2038,65 Beach Rd - Chapmans Peak - Cape Town - 7979 - South Africa,,,,,,,,-34.0984375,18.363687499999983
Folk Tattoo & Piercing Studio,,,folktattoo.co.za,+27 67 398 3718,13 Louw St - Stellenbosch Central - Stellenbosch - 7600 - South Africa,Closed,10a.m. - 5p.m.,10a.m. - 5p.m.,10a.m. - 5p.m.,10a.m. - 5p.m.,10a.m. - 5p.m.,10a.m. - 5p.m.,-33.93918750000001,18.860687499999997
Black.Inktattoostudio,,,,,Mpangele St - Atlantis - Cape Town - 7349 - South Africa,,,,,,,,-33.5873125,18.50518749999999
Ink Aesthetics,,,https://inkaestheticsorg.wordpress.com/,,Beach Rd - Melkbosstrand - Cape Town - 7441 - South Africa,11a.m. - 5p.m.,10a.m. - 6p.m.,11a.m. - 5p.m.,10a.m. - 6p.m.,11a.m. - 3p.m.,Closed,Closed,-33.7269375,18.441687499999986
Black Tiger Ink,,,https://www.facebook.com/Black-Tiger-Ink-608937229628650,+27 82 863 8144,655 Delft Main Rd - Delft South - Cape Town - 7100 - South Africa,Closed,1 - 4p.m.,1 - 4:30p.m.,Closed,Closed,9a.m. - 4p.m.,1 - 4p.m.,-33.9920625,18.633937499999988
Betha_Ink Tattoo & Piercing,,,,+27 67 946 9011,24 Plein St - Cape Town City Centre - Cape Town - 8000 - South Africa,Open 24 hours,Open 24 hours,Open 24 hours,Open 24 hours,Open 24 hours,Open 24 hours,Open 24 hours,,
Dust Tattoo,,,dusttattoo.co.za,+27 71 010 3774,Unit 11 - The Royal - 4 Queens Park Ave - Salt River - Cape Town - 7925 - South Africa,Closed,9a.m. - 4:30p.m.,9a.m. - 4:30p.m.,9a.m. - 4:30p.m.,9a.m. - 4:30p.m.,9a.m. - 4:30p.m.,Closed,-33.9329375,18.457062499999992
Primal Culture Tattoo Studio,,,,,108 Main Rd - Plumstead - Cape Town - 7800 - South Africa,,,,,,,,-34.019687499999996,18.4675625
Tattootimes,,,https://zen-tattoo-design.business.site/?utm_source=gmb&utm_medium=referral,+27 81 701 5046,11 Kromriver Cl - Portland - Cape Town - 7785 - South Africa,9a.m. - 7p.m.,9a.m. - 7p.m.,9a.m. - 7p.m.,9a.m. - 7p.m.,9a.m. - 7p.m.,6a.m. - 5p.m.,Closed,-34.0415625,18.609312499999973
Ink Stained Skin,,,,,21 Lower Collingwood Rd - Observatory - Cape Town - 7925 - South Africa,,,,,,,,-33.9360625,18.472187500000004
The Tattoo Den,,,,+27 73 373 4681,10 Wellington - Portland - Cape Town - 7785 - South Africa,10a.m. - 10p.m.,10a.m. - 11p.m.,10a.m. - 10p.m.,10a.m. - 10p.m.,10a.m. - 10p.m.,10a.m. - 10p.m.,10a.m. - 10p.m.,-34.057812500000004,18.614812499999985
Just The Tip Art Studio,,,,+27 83 887 3877,6 Oceanus Way - Phoenix - Cape Town - 7441 - South Africa,11a.m. - 5p.m.,11a.m. - 5p.m.,11a.m. - 5p.m.,11a.m. - 5p.m.,11a.m. - 5p.m.,11a.m. - 5p.m.,12 - 4p.m.,-33.8770625,18.505687500000008
Tattoo Furniture Design,,,,+27 21 421 1338,Culemborg Ctr - Oswald Pirow St - Foreshore - Cape Town - 8001 - South Africa,,,,,,,,-33.920812500000004,18.433562500000008
Tattoo,,,,,Belvedere Rd - Muizenberg - Cape Town - 7950 - South Africa,,,,,,,,-34.1048125,18.468187500000013
Necrobeartattoos,,,,,10 Berrydel Ave - Greenway Rise - Cape Town - 7130 - South Africa,,,,,,,,-34.0721875,18.84418749999999
Disciples Ink Hermanus Tattoo Studio,,,disciplesink.co.za,+27 78 464 1660,3 High St - CBD - Hermanus - 7200 - South Africa,10a.m. - 5p.m.,10a.m. - 5p.m.,10a.m. - 5p.m.,10a.m. - 5p.m.,10a.m. - 5p.m.,10a.m. - 2p.m.,Closed,-34.4190625,19.242187499999986
Handstyle Tattoos 7Th Street Studio,4.8,117,handstyletattoos.co.za,+27 72 540 8368,Shop 4B - 7th St - Melville - Johannesburg - 2109 - South Africa,Closed,10a.m. - 5p.m.,10a.m. - 5p.m.,10a.m. - 5p.m.,10a.m. - 5p.m.,10a.m. - 5p.m.,Closed,-26.177312500000006,28.008687499999994
1933 Classic Tattoos,4.8,104,http://www.1933.co.za/,+27 11 403 0077,33 De Korte St - Braamfontein - Johannesburg - 2000 - South Africa,9:30a.m. - 5:30p.m.,9:30a.m. - 5:30p.m.,9:30a.m. - 5:30p.m.,9:30a.m. - 5:30p.m.,9:30a.m. - 5:30p.m.,10a.m. - 4p.m.,Closed,-26.193937500000004,28.030937500000007
Tattoos & Body Piercings By Dee,4.9,276,tattoosbydee.co.za,+27 83 669 0770,Next to Boston College - 36 De Beer St - Braamfontein - Johannesburg - 2001 - South Africa,Closed,11a.m. - 5p.m.,11a.m. - 5p.m.,11a.m. - 5p.m.,11a.m. - 5p.m.,10:30a.m. - 1:30p.m.,Closed,-26.1919375,28.034687500000004
Tattoos By Charlene,4.9,58,https://hilliercharlene.wixsite.com/tattoosbycharlene,+27 71 334 4172,10 Thames Rd - Bertrams - Johannesburg - 2094 - South Africa,Open 24 hours,Open 24 hours,Open 24 hours,Open 24 hours,Open 24 hours,Open 24 hours,Open 24 hours,-26.195312500000007,28.066687499999986
J.C Tattoo & Body Piercing,4.6,27,,+27 76 658 2727,139 Main Rd - Newlands - Johannesburg - 2093 - South Africa,9a.m. - 5p.m.,9a.m. - 5p.m.,9a.m. - 5p.m.,9a.m. - 5p.m.,9a.m. - 5p.m.,8:30a.m. - 4p.m.,Closed,-26.175312500000004,27.966937499999986
Uws Blvck Ink Tattooz - Braamfontein,4.3,33,uwsblvckinktattooz.co.za,+27 83 451 6584,Shop 3 - Right Side - 93 Juta St - Braamfontein - Johannesburg - 2001 - South Africa,10a.m. - 6p.m.,10a.m. - 6p.m.,10a.m. - 6p.m.,10a.m. - 6p.m.,10a.m. - 6p.m.,10a.m. - 6p.m.,Closed,-26.194187500000005,28.036687499999985
Om Tattooz And Body Piercing,5.0,77,,+27 73 233 6855,114 main street - corner Von Brandis St - CBD - Johannesburg - 2000 - South Africa,9a.m. - 5:30p.m.,9a.m. - 5:30p.m.,9a.m. - 5:30p.m.,9a.m. - 5:30p.m.,9a.m. - 5:30p.m.,9a.m. - 3:30p.m.,10a.m. - 2p.m.,-26.206562500000004,28.044812499999992
Hillbilly Ink Tattoos & Piercing,4.4,72,https://hillbilly-ink-tattoos-piercing.business.site/?utm_source=gmb&utm_medium=referral,+27 82 924 6803,55 St Elmo Ave - Mayfair West - Johannesburg - 2092 - South Africa,Closed,9a.m. - 5p.m.,9a.m. - 5p.m.,9a.m. - 5p.m.,9a.m. - 5p.m.,9a.m. - 3p.m.,Closed,-26.196937500000004,28.00043749999999
The Crows Nest,4.7,45,https://m.facebook.com/login.php?next=https%3A%2F%2Fm.facebook.com%2Fthecrowsnestsa%2F&refsrc=deprecated&_rdr,+27 83 357 0214,61 4th Ave - Melville - Johannesburg - 2092 - South Africa,Closed,10a.m. - 6p.m.,10a.m. - 6p.m.,10a.m. - 6p.m.,10a.m. - 6p.m.,10a.m. - 6p.m.,10a.m. - 4:30p.m.,-26.175062500000003,28.005562499999982
Soweto Ink,4.5,102,https://www.sowetoink.com/,+27 61 077 4483,Zone 03 - 7580 Immink Street Diepkloof - Johannesburg - 2001 - South Africa,10a.m. - 6p.m.,10a.m. - 6p.m.,10a.m. - 6p.m.,10a.m. - 6p.m.,10a.m. - 6p.m.,10a.m. - 6p.m.,10a.m. - 6p.m.,-26.2340625,27.952062499999997
Matchstick Tattoo Studio,4.9,54,matchsticktattoos.co.za,+27 60 742 3986,117 Langerman Dr - South Kensington - Johannesburg - 2094 - South Africa,Closed,10a.m. - 4p.m.,10a.m. - 4p.m.,10a.m. - 4p.m.,10a.m. - 4p.m.,10a.m. - 4p.m.,10a.m. - 4a.m.,-26.1869375,28.11268749999998
Kevins Kustom Tattoos At Sacred Art Tattoo Lounge,4.6,16,https://www.facebook.com/kevinskustomtattoos/,+27 73 144 0115,11 Cadoza St - Westdene - Johannesburg - 2092 - South Africa,,,,,,,,-26.176250000000003,27.996249999999975
Sacredserpent,4.9,24,,+27 79 526 8498,Unit U4B - Quality House Office Park - 33 St Christopher Rd - St Andrews - Johannesburg - South Africa,Closed,Closed,9a.m. - 4p.m.,9a.m. - 4p.m.,9a.m. - 4p.m.,10a.m. - 3p.m.,Closed,-26.155437500000005,28.131312499999993
Sally Mustang Tattoos,4.8,333,https://www.sallymustangs.co/,+27 11 809 8094,Were - 39 Stanley Ave - Braamfontein - Johannesburg - 2092 - South Africa,Closed,10a.m. - 6p.m.,10a.m. - 6p.m.,10a.m. - 6p.m.,10a.m. - 6p.m.,10a.m. - 6p.m.,Closed,-26.184937500000004,28.01881250000001
Ethel Tattoo Artist,4.5,12,,+27 76 235 8235,43 Frost Ave - Braamfontein Werf - Johannesburg - 2092 - South Africa,Closed,10a.m. - 5p.m.,10a.m. - 5p.m.,10a.m. - 5p.m.,10a.m. - 5p.m.,10a.m. - 5p.m.,10a.m. - 2p.m.,-26.1874375,28.02006250000001
Os By Tshepo(Private Piercing/Tattoo Shop),5.0,50,tattoosbytshepo.co.za,+27 62 241 5237,24 Siemert Rd - New Doornfontein - Johannesburg - 2001 - South Africa,9a.m. - 9p.m.,9a.m. - 9p.m.,9a.m. - 9p.m.,9p.m. - 12a.m.,9a.m. - 9p.m.,9a.m. - 9p.m.,9a.m. - 5:30p.m.,-26.2019375,28.0553125
Dark Neon Tattoos & Piercings,5.0,46,darkneon.co.za,+27 87 941 2676,7 6th St - Parkhurst - Johannesburg - 2193 - South Africa,Closed,10a.m. - 5p.m.,10a.m. - 5p.m.,10a.m. - 5p.m.,10a.m. - 5p.m.,10a.m. - 6p.m.,Closed,-26.1426875,28.0156875
Studio57 - Canvas Cultique Tattoo Studio,4.9,89,canvascultique.co.za,+27 83 398 3571,57 6th St - Parkhurst - Randburg - 2193 - South Africa,10a.m. - 5p.m.,10a.m. - 8p.m.,10a.m. - 8p.m.,10a.m. - 8p.m.,10a.m. - 8p.m.,10a.m. - 5p.m.,10a.m. - 2p.m.,-26.143437499999997,28.019812500000015
Art Pop Tattoos & Piercing,4.8,98,artpop.co.za,+27 64 722 8648,99 Linksfield Rd - Edenvale - Johannesburg - 1609 - South Africa,Closed,10a.m. - 5p.m.,10a.m. - 5p.m.,10a.m. - 5p.m.,10a.m. - 5p.m.,10a.m. - 5p.m.,Closed,-26.150062500000004,28.13543749999998
Fallen Heroes Tattoo // Art,4.8,433,fallenheroes.co.za,+27 11 028 0994,249 Barry Hertzog Ave - Emmarentia - Randburg - 2195 - South Africa,9a.m. - 5p.m.,9a.m. - 5p.m.,9a.m. - 5p.m.,9a.m. - 5p.m.,9a.m. - 5p.m.,Closed,Closed,-26.145812500000005,28.007937499999983
Hillside Tattoo Studio,4.9,61,hillsidetattoo.net,+27 68 422 0848,396 Jan Smuts Avenue Randburg - Craighall Park - Johannesburg - 2196 - South Africa,Closed,9a.m. - 4p.m.,9a.m. - 4p.m.,9a.m. - 4p.m.,9a.m. - 4p.m.,9a.m. - 2p.m.,Closed,-26.114812500000006,28.02243750000001
True Black Body Arts Studio,3.6,22,,+27 72 337 3340,21 Ntemi Piliso St - Newtown - Johannesburg - 2113 - South Africa,,,,,,,,-26.199687500000003,28.03568750000001
Ink To Skin Tattooing,4.8,68,https://inktoskin.co.za/,+27 84 273 9364,Vitality Medical Centre - 184 Columbine Ave - Mondeor - Johannesburg South - 2091 - South Africa,Open 24 hours,10a.m. - 4:30p.m.,10a.m. - 4:30p.m.,10a.m. - 4:30p.m.,10a.m. - 4:30p.m.,10a.m. - 4:30p.m.,10a.m. - 4:30p.m.,-26.274812500000003,28.000312499999993
Thinkin' Skin - Temptoo Temporary Tattoos,5.0,11,https://thinkinskin.wordpress.com/%20%20%20%20%20%20%20www.thinkinskin.business.site,+27 78 032 4863,Sneddon St - Sydenham - Johannesburg - 2192 - South Africa,9a.m. - 5p.m.,9a.m. - 5p.m.,9a.m. - 5p.m.,9a.m. - 5p.m.,9a.m. - 5p.m.,9a.m. - 5p.m.,Closed,-26.153937500000005,28.0925625
Black And White Tattoo Studio,4.7,307,blackandwhitetattoostudios.co.za,+27 84 288 7525,130 11th St - Parkmore - Sandton - 2196 - South Africa,9a.m. - 6p.m.,9a.m. - 6p.m.,9a.m. - 6p.m.,9a.m. - 6p.m.,9a.m. - 6p.m.,9a.m. - 6p.m.,10a.m. - 5p.m.,-26.0994375,28.0469375
Convoy Tattoos,4.8,6,https://convoy-tattoos.business.site/?utm_source=gmb&utm_medium=referral,+27 60 352 9467,94 Helen Joseph St - Johannesburg - 2001 - South Africa,8:30a.m. - 6p.m.,8:30a.m. - 6p.m.,8:30a.m. - 6p.m.,8:30a.m. - 6p.m.,8:30a.m. - 6p.m.,8:30a.m. - 6p.m.,8:30a.m. - 6p.m.,-26.2036875,28.04606249999999
Tattoos By Dee (Maboneng),5.0,29,http://www.tattoosbydee.co.za/,+27 82 255 7795,20 Kruger Street. Cnr Fox Street Next to Living Room Jozi Maboneng - Marshalltown - Johannesburg - 2096 - South Africa,Closed,10:30a.m. - 5:30p.m.,10:30a.m. - 5:30p.m.,10:30a.m. - 5:30p.m.,10:30a.m. - 5:30p.m.,10:30a.m. - 3p.m.,10:30a.m. - 4:30p.m.,-26.2046875,28.05931249999999
Ash J Ink,4.9,23,,+27 61 369 2545,16 Hammond Rd - West Turffontein - Johannesburg South - 2190 - South Africa,6a.m. - 11p.m.,6a.m. - 11p.m.,6a.m. - 11p.m.,6a.m. - 11p.m.,6a.m. - 11p.m.,6a.m. - 11p.m.,6a.m. - 11p.m.,-26.259812500000002,28.03081250000001
Sa Hardcore Social Club,4.8,72,,+27 11 327 2812,16A 4th Ave - Parkhurst - Randburg - 2193 - South Africa,9a.m. - 7p.m.,9a.m. - 7p.m.,9a.m. - 7p.m.,9a.m. - 7p.m.,9a.m. - 7p.m.,9a.m. - 7p.m.,9a.m. - 4p.m.,-26.1415625,28.01718749999999
John'S Custom Tattoo & Piercing,5.0,32,,+27 82 434 2007,94C Rietfontein Rd - Primrose - Johannesburg - 1401 - South Africa,10a.m. - 4p.m.,10a.m. - 4p.m.,Closed,10a.m. - 4p.m.,10a.m. - 4p.m.,10a.m. - 4p.m.,Closed,-26.18981250000001,28.15943750000001
Empire Tattoos,4.8,86,https://www.facebook.com/Empire-Tattoos-211594895541393/?pnref=lhc,+27 82 931 7563,14th Avenue Shop 106 - Fairlands on 14th Shopping Centre - Fairland - Johannesburg - 2000 - South Africa,Closed,10a.m. - 6p.m.,10a.m. - 6p.m.,10a.m. - 6p.m.,10a.m. - 6p.m.,10a.m. - 6p.m.,Closed,-26.150812500000008,27.94393749999999
Black Hounds Studio,5.0,28,blackhounds.co.za,+27 67 979 5807,9 4th Ave - Parkhurst - Johannesburg - 2193 - South Africa,Closed,10a.m. - 6p.m.,10a.m. - 6p.m.,10a.m. - 6p.m.,10a.m. - 6p.m.,10a.m. - 6p.m.,10a.m. - 6p.m.,-26.142562499999997,28.016687499999975
Alain Tattoos,3.7,3,alaintattoos.co.za,+27 82 448 0716,28B Garden Rd - Orchards - Johannesburg - 2192 - South Africa,,,,,,,,-26.155437500000005,28.077187500000022
Nando Tatu,4.7,15,nandotatu.com,+27 78 647 7264,37 Henry Nxumalo St - Newtown - Johannesburg - 2001 - South Africa,9:30a.m. - 8p.m.,9a.m. - 8p.m.,9a.m. - 8p.m.,9a.m. - 8p.m.,9a.m. - 8p.m.,9a.m. - 9p.m.,9:30a.m. - 3p.m.,-26.2028125,28.0300625
Dag'S Art Studio,5.0,20,https://dags-art-studio.business.site/?utm_source=gmb&utm_medium=referral,+27 62 043 2493,Shop 118 Newgate Shopping Centre - 103 Rahima Moosa St - Newtown - Johannesburg - 2001 - South Africa,10a.m. - 7p.m.,10a.m. - 7p.m.,10a.m. - 7p.m.,10a.m. - 7p.m.,10a.m. - 7p.m.,10a.m. - 7p.m.,10a.m. - 4p.m.,-26.2021875,28.03643749999999
Xplicit Ink Tattoos,5.0,7,https://xplicitinktattoos.business.site/?utm_source=gmb&utm_medium=referral,+27 65 856 1849,18 Arun St - Riverlea - Johannesburg - 2093 - South Africa,10a.m. - 8p.m.,10a.m. - 8p.m.,10a.m. - 8p.m.,10a.m. - 8p.m.,10a.m. - 8p.m.,10a.m. - 6p.m.,Closed,-26.2105625,27.97643749999999
Concepto Ink,4.8,6,,+27 83 531 9734,440 Louis Botha Ave - Highlands North - Johannesburg - 2192 - South Africa,9a.m. - 7p.m.,9a.m. - 7p.m.,9a.m. - 6p.m.,9a.m. - 7p.m.,9a.m. - 7p.m.,9a.m. - 7p.m.,10a.m. - 5:30p.m.,-26.1471875,28.08693750000002
Cobra Ink,4.5,4,,+27 74 248 6582,23 - Fashion Kapitol - 130 Pritchard St - Hillbrow - Johannesburg - 2038 - South Africa,,,,,,,,-26.2025625,28.049187500000002
The Tattoo Gallery,4.7,29,https://www.thetattoogallery.co.za/,+27 11 794 3821,Upper Level - Shop 14 Honey Crest Shopping Centre - Beyers NaudÃ© Dr & - Duiker Ave - Randpark Ridge - Johannesburg - 2156 - South Africa,Closed,10a.m. - 5:30p.m.,10a.m. - 5:30p.m.,10a.m. - 5:30p.m.,10a.m. - 5:30p.m.,10a.m. - 5:30p.m.,10a.m. - 5:30p.m.,-26.0931875,27.939562500000008
Hand Of Mysteries Tattoo,4.9,46,heartandhandtattoos.com,,Shop 20 - Devon Valley Centre - 122 9th Ave - Weltevredenpark - Johannesburg - 2030 - South Africa,Closed,10a.m. - 5p.m.,10a.m. - 5p.m.,10a.m. - 5p.m.,10a.m. - 5p.m.,10a.m. - 5p.m.,Closed,-26.136312499999995,27.93306249999999
Wayne'S Tattoos,4.7,60,,+27 11 682 3798,Comaro Shopping Center - Comaro St - Bassonia - Johannesburg South - 2190 - South Africa,,,,,,,,-26.278937499999998,28.067062500000006
Sorry Mom Tattoo Art Studio,4.8,87,sorrymomtattoos.co.za,+27 71 674 6801,Shop UL22 - Lonehill Shopping Centre - Lonechill Blvd - Lone Hill - Johannesburg - 2062 - South Africa,9a.m. - 6p.m.,9a.m. - 6p.m.,9a.m. - 6p.m.,9a.m. - 6p.m.,9a.m. - 6p.m.,9a.m. - 4p.m.,9a.m. - 1p.m.,-26.014312500000003,28.0253125
Emerald Rain Tattoos,4.7,9,emeraldraintattoos.com,+27 73 580 4842,39 Gleneagles Rd - Greenside - Randburg - 2195 - South Africa,Closed,10a.m. - 5p.m.,10a.m. - 5p.m.,10a.m. - 5p.m.,10a.m. - 5p.m.,10a.m. - 5p.m.,10a.m. - 5p.m.,-26.145812500000005,28.011812499999976
Tattoo'S By Mr Dee'S,4.0,12,,+27 82 526 0333,Shop No. 2 - Northcliff Corner Shopping Centre - Beyers Naude Dr - Northcliff - Johannesburg - 2123 - South Africa,,,,,,,,-26.1454375,27.98406249999998
Buzz Inc Tattoo Studio,5.0,81,buzztattoo.co.za,+27 83 355 5537,All Saints Centre - Windsor Way - Olivedale - Johannesburg - 1709 - South Africa,Closed,10a.m. - 5p.m.,10a.m. - 5p.m.,10a.m. - 5p.m.,10a.m. - 5p.m.,10a.m. - 5p.m.,Closed,-26.053312500000004,27.97156249999999
Rising Dragon Tattoo,4.6,178,risingdragontattoo.co.za,+27 73 314 0437,64 Crawford Dr - Douglasdale - Johannesburg - 2191 - South Africa,9a.m. - 5p.m.,9a.m. - 5p.m.,9a.m. - 5p.m.,9a.m. - 5p.m.,9a.m. - 5p.m.,9a.m. - 5p.m.,Closed,-26.043562499999993,27.998562500000006
Black Hat Tattoos,5.0,2,,+27 68 272 0660,48 Sussex Rd - Parkwood - Johannesburg - 2193 - South Africa,Closed,10a.m. - 5p.m.,10a.m. - 5p.m.,10a.m. - 5p.m.,10a.m. - 5p.m.,10a.m. - 5p.m.,Closed,-26.1496875,28.037437499999996
Rumble And Hum Tattoo,4.8,250,rumbleandhum.com,+27 66 150 8123,Shop 25 - Town square Shopping centre - Weltevredenpark - Johannesburg - 1709 - South Africa,9a.m. - 4p.m.,9a.m. - 4p.m.,9a.m. - 4p.m.,9a.m. - 4p.m.,9a.m. - 4p.m.,9a.m. - 4p.m.,Closed,-26.136812499999998,27.918812500000016
Ink Pride Tattoos And Piercing,5.0,1,inkpridetattoos.co.za,+27 83 404 7804,280 Corlett Dr - Corlett Gardens - Johannesburg - 2018 - South Africa,,,,,,,,-26.1253125,28.094062499999993
Exclusive Ink,5.0,22,exclusiveink.co.za,+27 63 143 9624,Cramerview Centre - 277 Main Rd - Bryanston - Johannesburg - 2060 - South Africa,Closed,9a.m. - 4p.m.,9a.m. - 4p.m.,9a.m. - 4p.m.,9a.m. - 4p.m.,9a.m. - 2p.m.,Closed,-26.073312500000007,28.01281249999998
Ross Ink Tattoos,4.8,75,,+27 82 904 3864,339 Jan Smuts Ave - Craighall Park - Randburg - 2196 - South Africa,9:30a.m. - 6p.m.,9:30a.m. - 6p.m.,9:30a.m. - 6p.m.,9:30a.m. - 6p.m.,9:30a.m. - 6p.m.,9:30a.m. - 6p.m.,9:30a.m. - 6p.m.,-26.1235625,28.030687500000013
Migration Tattoos,5.0,20,,+27 61 448 6059,0B 5th St - Florida Glen - Johannesburg - 0157 - South Africa,9a.m. - 5p.m.,9a.m. - 5p.m.,9a.m. - 5p.m.,9a.m. - 5p.m.,9a.m. - 5p.m.,9a.m. - 5p.m.,Closed,-26.167687500000007,27.946562499999985
Geoff Squires Tattoos,5.0,69,geoffsquirestattoos.co.za,+27 84 847 9527,90 Palliser Rd - Eastleigh - Edenvale - 1609 - South Africa,8a.m. - 4p.m.,8a.m. - 4p.m.,8a.m. - 4p.m.,8a.m. - 4p.m.,8a.m. - 4p.m.,8a.m. - 4p.m.,Closed,-26.128437499999997,28.163312500000004
Blackneedle_Sa,5.0,4,https://blackneedle-sa.business.site/?utm_source=gmb&utm_medium=referral,+27 81 787 4171,97 Commissioner St - Marshalltown - Johannesburg - 2000 - South Africa,10a.m. - 6p.m.,10a.m. - 6p.m.,10a.m. - 6p.m.,10a.m. - 6p.m.,10a.m. - 6p.m.,10a.m. - 6p.m.,10a.m. - 6p.m.,-26.205312500000005,28.041812499999978
Timeless Electric,,,,+27 83 655 2297,70 Juta St - Braamfontein - Johannesburg - 2000 - South Africa,,,,,,,,-26.1946875,28.034687500000004
Customized Tattoos,4.0,7,https://ubetabeliveit.wixsite.com/customizedtattoos,,Johannesburg 22 blue crane nest Johannesburg Honeydew - 2118 - South Africa,9a.m. - 9p.m.,9a.m. - 9p.m.,9a.m. - 9p.m.,9a.m. - 9p.m.,9a.m. - 9p.m.,9a.m. - 3p.m.,12 - 3p.m.,-26.2075625,28.047062499999996
Sa Tattoo Supply,4.2,5,satattoosupply.co.za,+27 79 865 0882,53 Dunvegan St - Sydenham - Johannesburg - 2192 - South Africa,7:30a.m. - 4p.m.,7:30a.m. - 4p.m.,7:30a.m. - 4p.m.,7:30a.m. - 4p.m.,7:30a.m. - 4p.m.,Closed,Closed,-26.153437500000003,28.094062499999993
Be Kind Tattooing,5.0,32,bekindtattooing.co.za,+27 72 193 2651,7 Susman Ave - Blairgowrie - Johannesburg - 2194 - South Africa,Closed,10a.m. - 5p.m.,10a.m. - 5p.m.,10a.m. - 5p.m.,10a.m. - 4p.m.,10a.m. - 4p.m.,Closed,-26.119812500000002,28.01243749999999
Royal Ink_Sa,4.8,37,,+27 61 345 7949,83 Linksfield Rd - Dowerglen - Edenvale - 1612 - South Africa,9a.m. - 5p.m.,9a.m. - 5p.m.,9a.m. - 5p.m.,9a.m. - 5p.m.,9a.m. - 5p.m.,9a.m. - 4p.m.,Closed,-26.1499375,28.137687499999984
True Love Tattoo,5.0,26,,+27 10 495 6014,Shop no. 9 Linden Square Shopping Centre - Corner of 4th Avenue and - 8th St - Randburg - 2193 - South Africa,Closed,11a.m. - 6p.m.,11a.m. - 6p.m.,11a.m. - 6p.m.,11a.m. - 6p.m.,11a.m. - 6p.m.,Closed,-26.1415625,27.99368749999998
Adam'S Eden Tattoos,5.0,62,,+27 71 493 5480,12 Emma St - Eden Glen - Edenvale - 1609 - South Africa,Closed,9a.m. - 4p.m.,9a.m. - 4p.m.,9a.m. - 4p.m.,9a.m. - 4p.m.,9a.m. - 4p.m.,Closed,-26.127187499999998,28.168937500000013
Little California Tattoo & Music Studio,5.0,7,littlecalifornia.co.za,+27 64 631 6469,2 Tyrwhitt Ave - Rosebank - Johannesburg - 2196 - South Africa,10a.m. - 6:30p.m.,10a.m. - 6:30p.m.,10a.m. - 6:30p.m.,10a.m. - 6:30p.m.,10a.m. - 6:30p.m.,10a.m. - 6:30p.m.,11a.m. - 5p.m.,-26.145937500000002,28.0373125
Desidera Tattoo,4.9,16,https://www.instagram.com/desideratattoo/,+27 79 692 6852,Unit 1 Delta Heights - 94 Conrad Dr - Blairgowrie - Randburg - 2194 - South Africa,Closed,10a.m. - 5p.m.,10a.m. - 5p.m.,10a.m. - 5p.m.,10a.m. - 5p.m.,10a.m. - 5p.m.,Closed,-26.114312500000004,28.0180625
Inkspiration Tattoos,5.0,1,,+27 76 254 8385,83 Donnelly St - Turffontein - Johannesburg South - 2091 - South Africa,,,,,,,,-26.240562500000003,28.03806249999998
Inkasi Tattoo,4.7,123,https://www.facebook.com/inKasiTattoo/,+27 81 500 0359,10680 Bhele St - Pimville Zone 1 - Soweto - 1809 - South Africa,Closed,9a.m. - 6p.m.,9a.m. - 6p.m.,9a.m. - 6p.m.,9a.m. - 6p.m.,9a.m. - 6p.m.,9a.m. - 3p.m.,-26.2599375,27.912562499999993
Purple Dragon,4.9,41,,+27 76 880 0961,31 - Mindalore - Johannesburg - 1739 - South Africa,,,,,,,,-26.127187499999998,27.8280625
The Golden Tiki,4.8,31,https://goldentiki.co.za/,+27 82 619 6055,60 4th Ave - Linden - Randburg - 2104 - South Africa,Closed,9a.m. - 5p.m.,9a.m. - 5p.m.,9a.m. - 5p.m.,9a.m. - 5p.m.,9a.m. - 5p.m.,Closed,-26.1403125,27.992312499999983
Souza Super Naturals,,,,+27 72 205 6055,UNIT 2 - 19 Henri St - Braamfontein - Johannesburg - 2000 - South Africa,,,,,,,,-26.1938125,28.031062500000004
Basiaink,5.0,1,https://www.facebook.com/basiaINK,+27 74 207 5189,67 Grant Ave - Norwood - Johannesburg - 2192 - South Africa,8a.m. - 5p.m.,8a.m. - 6p.m.,8a.m. - 6p.m.,8a.m. - 6p.m.,8a.m. - 6p.m.,8a.m. - 6p.m.,2 - 6p.m.,-26.157937500000003,28.076187500000017
Assari Tattoo Studio,4.8,59,https://www.assaritattoostudio.com/,+27 76 964 6193,Assari Tattoo Studio Stoneridge Dr & - Greenstone Pl - Greenstone Hill - Modderfontein - 1609 - South Africa,Closed,9a.m. - 6p.m.,9a.m. - 6p.m.,9a.m. - 6p.m.,9a.m. - 6p.m.,9a.m. - 3p.m.,9a.m. - 3p.m.,-26.121937499999994,28.142437499999986
Da Time Machine Studios,,,,+27 10 410 5497,11 Broad St - Park Central - Johannesburg - 2001 - South Africa,10a.m. - 12a.m.,Closed,Closed,Closed,Closed,Closed,Closed,-26.215562500000004,28.04056249999998
Fantasy Tattoos,4.9,22,,+27 82 804 4834,Cnr Jochem Van Bruggen and Nelson Mandela Ave Opposite Lua Cafe Grey business complex - Alberton - 1449 - South Africa,9a.m. - 6p.m.,9a.m. - 6p.m.,9a.m. - 6p.m.,9a.m. - 6p.m.,9a.m. - 6p.m.,9a.m. - 5p.m.,9a.m. - 2p.m.,-26.286437499999998,28.105687500000002
Tattoo Styles,4.6,39,tattoostyles.co.za,+27 82 415 6023,55 Van Buuren Rd - Bedfordview - Germiston - 2007 - South Africa,10a.m. - 6p.m.,10a.m. - 6p.m.,10a.m. - 6p.m.,10a.m. - 6p.m.,10a.m. - 6p.m.,9a.m. - 6p.m.,Closed,-26.1790625,28.136562499999982
Beneath The Surface,4.7,42,beneaththesurface.co.za,+27 79 648 3566,Merrow down plaza - 71 troupant Avenue Magaliessig - Fourways - Johannesburg - 2191 - South Africa,10a.m. - 6p.m.,10a.m. - 6p.m.,10a.m. - 6p.m.,10a.m. - 6p.m.,10a.m. - 6p.m.,10a.m. - 5p.m.,Closed,-26.027437499999998,28.02081250000002
Bong'S Tattos,4.2,6,,+27 74 551 9787,275 Odendaal Rd - Meadowlands - Johannesburg - 1852 - South Africa,,,,,,,,-26.2186875,27.9001875
Blackrose Tattoos,4.9,56,blackrosetattoos.co.za,+27 72 114 3252,12 Ebbehout St - Sharonlea - Randburg - 2194 - South Africa,Closed,10a.m. - 4p.m.,10a.m. - 4p.m.,10a.m. - 4p.m.,10a.m. - 4p.m.,10a.m. - 4p.m.,10a.m. - 4p.m.,-26.064312500000007,27.963812499999975
Bigmike Tattoos,5.0,2,,+27 60 525 1362,Plaza Brd Road - Florida - Johannesburg - 2001 - South Africa,,,,,,,,-26.172312500000004,27.910187499999992
The Painted Lady Tattoo,4.7,100,,+27 11 783 9991,72 11th St - Parkmore - Sandton - 2196 - South Africa,Closed,10a.m. - 5p.m.,10a.m. - 5p.m.,10a.m. - 5p.m.,10a.m. - 5p.m.,10a.m. - 5p.m.,10a.m. - 2p.m.,-26.094812500000003,28.038187500000006
V.I.P Tattoo Crew,5.0,2,,+27 71 361 0998,14a Kloof Road Oriel - Bedfordview - Johannesburg - 2007 - South Africa,10a.m. - 6p.m.,10a.m. - 6p.m.,10a.m. - 6p.m.,10a.m. - 6p.m.,10a.m. - 6p.m.,10a.m. - 6p.m.,10a.m. - 6p.m.,-26.1860625,28.129687500000003
Steamed Rabbit Tattoos,4.9,44,steamedrabbit.co.za,+27 79 638 2741,The Tattoo Gallery Honeycrest Shopping Center - Randpark Ridge - Johannesburg - 2169 - South Africa,Closed,10a.m. - 5p.m.,10a.m. - 5p.m.,10a.m. - 5p.m.,10a.m. - 5p.m.,10a.m. - 5p.m.,Closed,-26.0938125,27.940937500000004
Jenny'S Tattoos & Body Piercing,4.8,232,jennystattoos.co.za,+27 82 856 3110,Shop 3 The Lemon Tree Shopping Center Ascott road cnr. Swartkoppies & Heidelberg road Newmarket - Alberton - 1449 - South Africa,Closed,9a.m. - 3p.m.,9a.m. - 3p.m.,9a.m. - 3p.m.,9a.m. - 3p.m.,8a.m. - 12p.m.,Closed,-26.280187500000004,28.12456250000001
Linkup Inkup Tattoo And Body Piercing Studios,5.0,1,https://linkup-inkup-tattoo-and-body-piercing.business.site/?utm_source=gmb&utm_medium=referral,+27 78 106 5176,69 Raleigh St - Yeoville - Johannesburg - 0027 - South Africa,8a.m. - 7:30p.m.,Closed,8a.m. - 7:30p.m.,8a.m. - 7:30p.m.,8a.m. - 7:30p.m.,9a.m. - 7p.m.,9a.m. - 7p.m.,-26.181062500000003,28.063937499999994
Brand Tattoo,4.2,5,brandtattoo.co.za,+27 11 835 3067,5 4th St - Booysens Reserve - Johannesburg South - 2091 - South Africa,8a.m. - 4:30p.m.,8a.m. - 4:30p.m.,8a.m. - 4:30p.m.,8a.m. - 4:30p.m.,8a.m. - 4:30p.m.,Closed,Closed,-26.230812500000006,28.006562499999987
Inklings Private Tattoo Studio,,,,,6th Ave - Highlands North - Johannesburg - 2192 - South Africa,Closed,10a.m. - 5p.m.,10a.m. - 5p.m.,10a.m. - 5p.m.,10a.m. - 5p.m.,10a.m. - 4p.m.,Closed,-26.145312500000003,28.081437500000007
Jaded Ink,4.8,105,jadedink.co.za,+27 11 658 1736,above Portuguese Restaurant - Northlands Corner - cnr Witkoppen & New Market Road Shop F5C - 1st Floor - Hoogland - Randburg - 2194 - South Africa,Closed,10a.m. - 6p.m.,10a.m. - 6p.m.,10a.m. - 6p.m.,10a.m. - 6p.m.,10a.m. - 6p.m.,10a.m. - 1p.m.,-26.040187500000002,27.95681249999997
Ink Steyn Tattoo Studio,5.0,1,,+27 76 392 5111,Bedfordview - 33 St Christopher Rd - St Andrews - Johannesburg - 2007 - South Africa,10a.m. - 5p.m.,10a.m. - 5p.m.,10a.m. - 5p.m.,10a.m. - 5p.m.,10a.m. - 5p.m.,10a.m. - 5p.m.,Closed,-26.155437500000005,28.131312499999993
Autumn Tattoo Studio,5.0,34,,+27 81 311 6500,22 Valley Rd - Bordeaux - Randburg - 2194 - South Africa,Closed,10a.m. - 5p.m.,10a.m. - 5p.m.,10a.m. - 5p.m.,10a.m. - 5p.m.,10a.m. - 5p.m.,Closed,-26.099937500000003,28.015812499999996
Kustom Ink,4.3,85,kustomink.co.za,+27 64 673 7034,22 St Andrews Ave - Bordeaux - Randburg - 2194 - South Africa,10a.m. - 5p.m.,10a.m. - 5p.m.,10a.m. - 5p.m.,10a.m. - 5p.m.,10a.m. - 5p.m.,10a.m. - 5p.m.,10a.m. - 5p.m.,-26.093062500000002,28.010312499999984
Shadow Line Tattoos,4.5,84,,+27 73 628 0875,Shop 14 - Noordheuwel Mall - 110 Van Oordt St - Krugersdorp - Johannesburg - 1734 - South Africa,9a.m. - 5p.m.,9a.m. - 5p.m.,9a.m. - 5p.m.,9a.m. - 5p.m.,9a.m. - 5p.m.,9a.m. - 5p.m.,10a.m. - 5p.m.,-26.083312500000005,27.801937500000022
420 Ink Sa,4.8,18,https://420inksa.business.site/,,Randview Shopping Centre - Jan Smuts - corner Republic Rd - Randburg - 2031 - South Africa,Closed,11a.m. - 7p.m.,11a.m. - 7p.m.,11a.m. - 7p.m.,11a.m. - 7p.m.,11a.m. - 7p.m.,11a.m. - 7p.m.,-26.0988125,28.009812499999995
Ajayink Tattoos,,,https://ajayink-tattoos.business.site/?utm_source=gmb&utm_medium=referral,+27 81 306 5664,42 Alexandra St - Berea - Johannesburg - 2001 - South Africa,7a.m. - 12a.m.,7a.m. - 12a.m.,7a.m. - 12a.m.,7a.m. - 12a.m.,7a.m. - 12a.m.,7a.m. - 12a.m.,7a.m. - 12a.m.,-26.186437500000004,28.054312499999995
Sheknows Ink Tattoo Studio,4.9,90,https://www.facebook.com/sheknowsink,+27 76 421 1063,93 Bram Fischer Dr - Ferndale - Randburg - 2194 - South Africa,Closed,10a.m. - 5p.m.,10a.m. - 5p.m.,10a.m. - 5p.m.,10a.m. - 5p.m.,10a.m. - 5p.m.,Closed,-26.111562499999998,27.9999375
Awhe Tattoo & Lifestyle Studio,4.9,245,awhetattoo.co.za,+27 72 248 0092,100 Elizabeth Rd - El Ridge Office Park D5 - Bartlett - Boksburg - 1460 - South Africa,9a.m. - 6p.m.,9a.m. - 10p.m.,9a.m. - 6p.m.,9a.m. - 6p.m.,9a.m. - 6p.m.,9a.m. - 6p.m.,9a.m. - 6p.m.,-26.166812500000006,28.274562500000016
Levitation Tattoo,5.0,19,levitationtattoo.co.za,+27 63 164 8842,51 Highcliff Way - Northcliff - Randburg - 2195 - South Africa,9a.m. - 5p.m.,9a.m. - 5:30p.m.,9a.m. - 5:30p.m.,9a.m. - 5:30p.m.,9a.m. - 5:30p.m.,9a.m. - 5:30p.m.,Closed,-26.1499375,27.96068749999999
Manne Ink,,,https://manne-ink.business.site/?utm_source=gmb&utm_medium=referral,+27 67 776 7592,46 Biccard St - Braamfontein - Johannesburg - 2000 - South Africa,8a.m. - 8p.m.,8a.m. - 8p.m.,8a.m. - 8p.m.,8a.m. - 8p.m.,8a.m. - 8p.m.,8a.m. - 8p.m.,8a.m. - 8p.m.,-26.192062500000006,28.037062500000005
Evil Ink Tattoos,4.8,9,,+27 73 373 5897,28 Hoeveld Rd - Ruimsig - Honeydew - 1724 - South Africa,10a.m. - 7p.m.,10a.m. - 7p.m.,10a.m. - 7p.m.,10a.m. - 7p.m.,10a.m. - 7p.m.,9a.m. - 6p.m.,Closed,-26.0853125,27.8881875
Tattoo Maniacs Jhb,5.0,4,business.site,+27 67 321 8403,73 Field Rd - Witfield - Johannesburg - 1460 - South Africa,,,,,,,,-26.184937500000004,28.21793749999999
Inkgenics,4.9,53,https://inkgenics.co.za/,+27 82 887 7040,56 Aletta Ave - Highway Gardens - Edenvale - 1609 - South Africa,9a.m. - 4p.m.,9a.m. - 4p.m.,9a.m. - 4p.m.,9a.m. - 4p.m.,9a.m. - 4p.m.,9a.m. - 4p.m.,9a.m. - 4p.m.,-26.1403125,28.177312500000014
L'Encre Tattoo Studio,5.0,2,https://lencre1609tattoo.wixsite.com/lecre,+27 60 957 4595,16 Cecil Awret Rd - Edenvale - Johannesburg - 1609 - South Africa,10a.m. - 6p.m.,10a.m. - 6p.m.,10a.m. - 6p.m.,10a.m. - 6p.m.,10a.m. - 6p.m.,11a.m. - 2p.m.,Closed,-26.117687500000002,28.17343750000002
Tattiki Tattoo,,,,+27 11 824 4357,South Rd - Linden - Johannesburg - 2104 - South Africa,,,,,,,,-26.125187500000003,27.994187499999967
Top 2 Bottom Tattoo Co.,5.0,1,,+27 84 025 2022,78 3rd Ave - Linden - Johannesburg - 2195 - South Africa,10a.m. - 4:30p.m.,10a.m. - 4:30p.m.,10a.m. - 4:30p.m.,10a.m. - 4:30p.m.,10a.m. - 4:30p.m.,10a.m. - 2:30p.m.,Closed,-26.133562499999996,27.990937499999987
Razztatt Ink Tattoos,,,,+27 79 965 3635,36 Arbedene Street Westdene - Brixton - Johannesburg - 2291 - South Africa,Closed,11a.m. - 6a.m.,11a.m. - 6a.m.,11a.m. - 6a.m.,11a.m. - 6a.m.,11a.m. - 9a.m.,11a.m. - 9a.m.,-26.182437500000006,27.990562499999967
Quidink Tattoos,5.0,5,https://quidinktattoos.business.site/?utm_source=gmb&utm_medium=referral,+27 79 119 9561,15 Cosmos Ave - Linden - Randburg - 2104 - South Africa,10a.m. - 10:30p.m.,10a.m. - 10p.m.,10a.m. - 10p.m.,10a.m. - 10p.m.,10a.m. - 10p.m.,10a.m. - 5p.m.,10a.m. - 3p.m.,-26.134437499999997,27.984312499999973
Alberante Ink (Tattoo Saloon),5.0,13,https://www.facebook.com/tattoosaloon.co.za?_rdc=1&_rdr,+27 73 175 1024,11 Meredy St - Randhart - Alberton - 1457 - South Africa,9a.m. - 10p.m.,9a.m. - 10p.m.,9a.m. - 10p.m.,9a.m. - 10p.m.,9a.m. - 10p.m.,9a.m. - 5p.m.,9a.m. - 5p.m.,-26.2905625,28.1178125
Inksane Tattoos And Body Piercings,,,,+27 63 078 3006,Ottawa mall - 94 Helen Joseph St - Johannesburg - 2001 - South Africa,,,,,,,,-26.2036875,28.04606249999999
Rose Gold Tattoos,5.0,16,facebook.com,+27 82 829 0323,11 Hennie Alberts St - Brackenhurst - Alberton - 1448 - South Africa,Closed,10a.m. - 6:30p.m.,10a.m. - 6:30p.m.,10a.m. - 6:30p.m.,10a.m. - 6:30p.m.,10a.m. - 6:30p.m.,Closed,-26.307062500000008,28.09543749999999
Greedy Bear Tattoos,4.7,27,,+27 84 424 1717,818 Dhlomo Ln - Mofolo Central - Soweto - 1801 - South Africa,Closed,9a.m. - 5p.m.,9a.m. - 5p.m.,9a.m. - 5p.m.,9a.m. - 5p.m.,9a.m. - 5p.m.,9a.m. - 6p.m.,-26.2359375,27.885562499999978
Godrich Inkz Tattoos,5.0,4,,+27 61 446 9358,39 butshingi Orlando west soweto - Johannesburg - 1804 - South Africa,7a.m. - 7p.m.,7a.m. - 7p.m.,7a.m. - 7p.m.,7a.m. - 7p.m.,7a.m. - 7p.m.,7a.m. - 7p.m.,7a.m. - 6p.m.,-26.241062499999998,27.900812500000015
The Goth Spot,5.0,13,thegothspot.com,+27 65 691 3800,3 1st Rd - Greymont - Randburg - 2195 - South Africa,Closed,10a.m. - 5p.m.,10a.m. - 5p.m.,10a.m. - 5p.m.,10a.m. - 5p.m.,10a.m. - 5p.m.,Closed,-26.16668750000001,27.967812499999994
Kyle B Tattoo,,,,,249 Barry Hertzog Ave - Emmarentia - Randburg - 2195 - South Africa,,,,,,,,-26.145812500000005,28.007937499999983
The Burrow Tattoo Studio,,,https://www.instagram.com/jackelopeart/,+27 71 872 1019,60 Davidson St - Fairland - Johannesburg - 2030 - South Africa,"9a.m. - 2p.m., 4 - 11p.m.","9a.m. - 2p.m., 4 - 11p.m.","9a.m. - 2p.m., 4 - 11p.m.","9a.m. - 2p.m., 4 - 11p.m.",9a.m. - 6p.m.,9a.m. - 6p.m.,9a.m. - 6p.m.,-26.148937500000002,27.9375625
Cobra Kc Tattoos (Ckct),4.9,14,,+27 83 293 8390,Gemelli - Main Rd - Bryanston - Sandton - South Africa,Closed,9:30a.m. - 5p.m.,9:30a.m. - 5p.m.,9:30a.m. - 5p.m.,9:30a.m. - 5p.m.,9:30a.m. - 5p.m.,9:30a.m. - 5p.m.,-26.052062500000005,28.023062499999995
Soulstice Ink,5.0,1,https://www.instagram.com/soulstice.ink/,+27 64 909 2482,43 Niven Ave - Douglasdale - Johannesburg - 2191 - South Africa,10a.m. - 5p.m.,10a.m. - 5p.m.,10a.m. - 5a.m.,10a.m. - 5p.m.,10a.m. - 5p.m.,10a.m. - 5p.m.,Closed,-26.048562499999996,27.994687499999984
Last Tem'Tation Tattoos,4.1,14,,+27 71 779 2923,2574 Motloung Section - masakane street - katlehong - johannesburg - 1431 - South Africa,8a.m. - 8p.m.,8a.m. - 8p.m.,8a.m. - 8p.m.,8a.m. - 8p.m.,8a.m. - 8p.m.,8a.m. - 8p.m.,8a.m. - 7p.m.,-26.3169375,28.15793749999999
Blake'S Tattoos,2.0,1,,+27 61 706 2205,23 Frederick Cooper Dr - Kenmare - Johannesburg - 2001 - South Africa,8p.m. - 12a.m.,12a.m. - 5p.m.,8a.m. - 5p.m.,8a.m. - 5p.m.,8a.m. - 5p.m.,8a.m. - 5p.m.,8a.m. - 5p.m.,-26.1114375,27.815562499999984
Playas Ink,,,,+27 11 432 4056,19 Vorster Ave - Glenanda - Johannesburg - 2091 - South Africa,,,,,,,,-26.2698125,28.035562499999983
Dark Side Tattoo Collective,5.0,2,,,3 Andre St - Glenanda - Johannesburg South - 2091 - South Africa,,,,,,,,-26.2674375,28.03568750000001
Romans Tattoo And Piercing,4.8,97,romanstattoo.co.za,+27 76 373 7380,Shop A23 Northview Shopping center Northriding - Northriding - 2188 - South Africa,Closed,9a.m. - 8p.m.,9a.m. - 8p.m.,9a.m. - 8p.m.,9a.m. - 8p.m.,9a.m. - 6p.m.,9a.m. - 3p.m.,-26.0604375,27.953812499999984
B. Ink,,,https://msha.ke/b.ink/,+27 78 118 9076,33Ave - Goldman St - Florida - Johannesburg - 1709 - South Africa,10a.m. - 4p.m.,10a.m. - 4p.m.,10a.m. - 4p.m.,10a.m. - 4p.m.,10a.m. - 4p.m.,Closed,10a.m. - 4p.m.,-26.172062500000003,27.911562499999988
First Light Tattoo,,,firstlighttattoo.co.za,+27 82 080 6064,8th Ave - Melville - Johannesburg - 2092 - South Africa,,,,,,,,,
La Tattoos Chris,4.8,45,,+27 78 210 7257,973 Plaza Rd - Florida - Roodepoort - 1709 - South Africa,,,,,,,,-26.172312500000004,27.909687500000004
Royal Tattoos (Pty) Ltd,4.7,17,https://royal-tattoos-and-smokers.business.site/?utm_source=gmb&utm_medium=referral,+27 83 566 5126,Cemetery Rd - Bram Fischerville - Soweto - 1875 - South Africa,10a.m. - 6p.m.,10a.m. - 6p.m.,10a.m. - 6p.m.,10a.m. - 6p.m.,10a.m. - 6p.m.,10a.m. - 6p.m.,10a.m. - 6p.m.,-26.1925625,27.8678125
Kevins Kustom Tattoo,5.0,1,,+27 11 782 9542,Shop 14 Northcliff Square - Cnr Beyers Naude & Milner Road - Northcliff - Randburg - 2195 - South Africa,,,,,,,,-26.145312500000003,27.9844375
Drip Ink Tattoo Salon,2.0,1,https://drip-ink-tattoo-salon.business.site/?utm_source=gmb&utm_medium=referral,+27 64 423 5983,3129 Khowane THOKOZA - Everest Section - Johannesburg - Alberton - 1426 - South Africa,Open 24 hours,Open 24 hours,Open 24 hours,Open 24 hours,Open 24 hours,Open 24 hours,Open 24 hours,-26.3581875,28.141937499999997
Melanin Black Tattoos And Body Piercings,5.0,2,https://www.instagram.com/kgosicanfly/,+27 63 620 2167,26 Bream St - Gillview - Johannesburg - 2091 - South Africa,Closed,9:30a.m. - 5:30p.m.,9:30a.m. - 5:30p.m.,9:30a.m. - 5:30p.m.,10a.m. - 7p.m.,10a.m. - 7p.m.,Closed,-26.2635625,28.024937500000007
Bold Ronin Tattoo And Piercing,,,boldronin.co.za,+27 64 673 7989,Kliprivier Dr - Mulbarton - Johannesburg - 2190 - South Africa,Closed,Closed,Closed,Closed,Closed,9a.m. - 4p.m.,9a.m. - 4p.m.,-26.295812500000004,28.0493125
The Tattoo Studio,,,,,18D Derrick Ave - Cyrildene - Johannesburg - 2198 - South Africa,,,,,,,,-26.1781875,28.099812500000027
Ravayjah Tattoos,4.7,3,,+27 61 927 1400,2544 Selborne St - Alexandra - 2014 - South Africa,9a.m. - 5p.m.,9a.m. - 5p.m.,9a.m. - 5p.m.,9a.m. - 5p.m.,9a.m. - 5p.m.,9a.m. - 5p.m.,9a.m. - 5p.m.,-26.103812499999997,28.105187499999985
Rockville Ink Tattoos,4.5,2,,+27 73 577 4535,1866 Mohobe St - Moroka - Soweto - 1818 - South Africa,9a.m. - 6p.m.,9a.m. - 6p.m.,9a.m. - 6p.m.,9a.m. - 6p.m.,9a.m. - 6p.m.,10a.m. - 6p.m.,10a.m. - 6p.m.,-26.2629375,27.87418749999999
Tattoo And Microshading Salon,5.0,3,tattoosbytshepo.co.za,+27 62 241 5237,210 Commissioner St - Johannesburg - 2001 - South Africa,Open 24 hours,Open 24 hours,Open 24 hours,Open 24 hours,Open 24 hours,Open 24 hours,Open 24 hours,-26.204437499999997,28.05243750000001
Jayone.Ink Tattoo Studio,5.0,3,,,2736A Zwelitsha St - Zola - Soweto - 1868 - South Africa,9:30a.m. - 8p.m.,9:30a.m. - 8p.m.,9:30a.m. - 8p.m.,9:30a.m. - 8p.m.,Open 24 hours,Open 24 hours,9:30a.m. - 4p.m.,-26.2439375,27.846437499999993
Dowga Ink Tattoo Studio,3.8,4,,,108 President St - Germiston - Johannesburg - 1401 - South Africa,,,,,,,,-26.217312500000006,28.16556249999998
Legacy Inc Tattoo & Piercing Studio,,,,+27 82 821 3890,101 Nelson Mandela Ave - Randhart - Alberton - 1449 - South Africa,,,,,,,,-26.2866875,28.105937499999996
Tattoos Stokacover Up,1.0,1,,+27 83 589 4718,Human St - Krugersdorp - Johannesburg - 1739 - South Africa,,,,,,,,-26.1036875,27.772562500000006
Old School Ink,,,,+27 84 459 8853,75 3rd Ave - Roodepoort North - Johannesburg - 1724 - South Africa,9a.m. - 5p.m.,9a.m. - 5p.m.,9a.m. - 5p.m.,9a.m. - 5p.m.,9a.m. - 5p.m.,9a.m. - 5p.m.,9a.m. - 5p.m.,-26.162437500000003,27.87668749999999
Classy Ink Tattoos & Piercing,3.0,1,,+27 73 831 3807,32 Murray Rd - Kibler Park - Johannesburg South - 2091 - South Africa,9a.m. - 5p.m.,9a.m. - 5p.m.,9a.m. - 5p.m.,9a.m. - 5p.m.,9a.m. - 5p.m.,9a.m. - 5p.m.,9a.m. - 2p.m.,-26.285687499999995,28.096437499999993
Wild Rose Tattoo Studio,5.0,9,,+27 63 501 5046,224 Rondebult Rd - Libradene - Boksburg - 1459 - South Africa,Closed,8a.m. - 5p.m.,8a.m. - 5p.m.,8a.m. - 5p.m.,8a.m. - 5p.m.,9a.m. - 4p.m.,9a.m. - 3p.m.,-26.245312500000004,28.24681249999996
Street Ink Sa (Tattoos & Piercings),4.7,3,https://street-ink-sa-tattoos-piercings.business.site/,+27 78 075 8482,8216 Makhetha St - Orlando West - Soweto - 1804 - South Africa,Closed,9a.m. - 6p.m.,9a.m. - 6p.m.,9a.m. - 6p.m.,9a.m. - 6p.m.,9a.m. - 6a.m.,12 - 4p.m.,-26.2370625,27.908312500000008
Bezyinktattooz,,,,+27 78 329 0257,No - 3114 - Likole - Johannesburg - 1432 - South Africa,,,,,,,,-26.3714375,28.159187499999987
Sin On Skin,4.8,146,,+27 83 700 0459,Glenwood Village - Glenwood - Durban - 4083 - South Africa,9a.m. - 4p.m.,9a.m. - 4p.m.,9a.m. - 4p.m.,9a.m. - 4p.m.,9a.m. - 4p.m.,8:30a.m. - 2p.m.,Closed,-29.8545625,30.997437499999975
Monsta Ink Ushaka,4.0,76,monstaink.co.za,+27 68 186 6657,Shop D14A - Ushaka Marine World - 15 Southampton St - Durban Central - Durban - 4001 - South Africa,9a.m. - 5p.m.,9a.m. - 5p.m.,9a.m. - 5p.m.,9a.m. - 5p.m.,9a.m. - 6p.m.,9a.m. - 6p.m.,9a.m. - 5p.m.,-29.8689375,31.046187499999988
Trade Mark Tattoo,4.8,185,https://www.trademarktattoos.com/,+27 31 303 8713,295 Florida Rd - Windermere - Berea - 4001 - South Africa,11a.m. - 6p.m.,11a.m. - 6p.m.,11a.m. - 6p.m.,11a.m. - 6p.m.,11a.m. - 6p.m.,11a.m. - 4p.m.,Closed,-29.830062500000004,31.012312499999993
Monsta Ink Pavilion,4.4,107,https://www.monstaink.co.za/,+27 68 122 5205,s - The Pavilion - near Cinema - Jack Martens Dr - Westville - Durban - 3630 - South Africa,9a.m. - 6p.m.,9a.m. - 6p.m.,9a.m. - 6p.m.,9a.m. - 6p.m.,9a.m. - 7p.m.,9a.m. - 7p.m.,9a.m. - 6p.m.,-29.848937500000005,30.934062499999996
Bluff Ink Tattoo Studio,4.8,68,,+27 72 513 9194,24 Stableford Rd - bayview - Bluff - 4052 - South Africa,8a.m. - 4p.m.,8a.m. - 4p.m.,8a.m. - 4p.m.,8a.m. - 4p.m.,8a.m. - 4p.m.,8a.m. - 12p.m.,Closed,-29.916062500000002,31.003062499999984
Cp Ink Tattoos,5.0,11,,+27 67 843 2296,Shop 14B - 91 Somtseu Road Mangrove Beach Center - North Beach - Durban - 4001 - South Africa,,,,,,,,-29.8446875,31.034312499999984
Fine Line Tattoo And Piercing,4.9,442,finelinetattoo.co.za,+27 87 700 2695,8 Mackeurtan Ave - Durban North - 4051 - South Africa,10a.m. - 5p.m.,10a.m. - 5p.m.,10a.m. - 5p.m.,10a.m. - 5p.m.,10a.m. - 5p.m.,10a.m. - 5p.m.,Closed,-29.777437499999998,31.044312499999975
Blackman Ink Tattoos Durban | Tattoo Palour | Tattoo Specialist In Durban | Profesional Tattoo Artists | Tattoo Removal | Tattoo Coverups,4.9,7,http://www.blackmaninktattoos.co.za/cgi-sys/suspendedpage.cgi,+27 71 779 9833,357 Anton Lembede ST - Smith Street - CBD - Durban - 4001 - South Africa,9:30a.m. - 9p.m.,9:30a.m. - 9p.m.,9:30a.m. - 9p.m.,9:30a.m. - 9p.m.,9:30a.m. - 9p.m.,9:30a.m. - 9p.m.,9:30a.m. - 9p.m.,-29.857187500000002,31.03806249999998
New Skin Tattoos,4.7,14,,+27 60 882 2619,city center - 303 West St - Durban Central - Durban - 4001 - South Africa,9a.m. - 4p.m.,9a.m. - 4p.m.,9a.m. - 4p.m.,9a.m. - 4p.m.,9a.m. - 4p.m.,9a.m. - 2p.m.,Closed,-29.8590625,31.02443750000002
Liberty Tattoos,4.0,5,https://www.instagram.com/nixdigsink/,+27 73 695 5128,275 Florida Rd - Windermere - Durban - 4001 - South Africa,10a.m. - 2:30p.m.,9:30a.m. - 4p.m.,9:30a.m. - 4p.m.,9:30a.m. - 4p.m.,9:30a.m. - 4p.m.,9a.m. - 3p.m.,Closed,-29.830312500000005,31.01293749999998
Red Webz Tattoo Studio,4.8,22,,+27 82 570 8463,152 Kenneth Kaunda Rd - Durban North - Durban - 4016 - South Africa,9a.m. - 5p.m.,10a.m. - 5p.m.,10a.m. - 5p.m.,10a.m. - 5p.m.,10a.m. - 5p.m.,10a.m. - 5p.m.,10a.m. - 1p.m.,-29.7843125,31.036687499999985
Durban Pro Inkers Tattoo And Piercing Studio Durban Central,4.8,5,,+27 71 573 7662,68 Ismail C Meer St - Durban Central - Durban - 4000 - South Africa,9a.m. - 4p.m.,9a.m. - 4p.m.,9a.m. - 4p.m.,9a.m. - 4p.m.,9a.m. - 4p.m.,9a.m. - 4p.m.,Closed,-29.8509375,31.01531249999998
Tattoo'S By Raaz,3.7,3,,+27 67 218 7306,211 Pine St - Durban Central - Durban - 4001 - South Africa,8:30a.m. - 8p.m.,8:30a.m. - 8p.m.,8:30a.m. - 8p.m.,8:30a.m. - 8p.m.,8:30a.m. - 8p.m.,8:30a.m. - 8p.m.,1 - 6:30p.m.,-29.857687500000004,31.023437500000014
Skin Art Tattoos,5.0,4,,+27 71 003 0957,121 Victoria Embankment - Durban Central - Durban - 4001 - South Africa,9a.m. - 5p.m.,9:30a.m. - 5p.m.,9a.m. - 5p.m.,9:30a.m. - 5p.m.,9a.m. - 5p.m.,10a.m. - 3:30p.m.,10a.m. - 4p.m.,-29.8611875,31.02206250000002
Tattoos By Naid,4.9,12,https://tattoos-by-naid.business.site/,+27 71 296 8448,5 Morus Pl - Bonela - Durban - 4001 - South Africa,Closed,10a.m. - 8p.m.,10a.m. - 8p.m.,10a.m. - 8p.m.,10a.m. - 8p.m.,9a.m. - 4p.m.,11a.m. - 4p.m.,-29.842437500000003,30.965812499999984
Zer031 Tattoo Studio (Aka) Durban Ink Tattoo Studio,5.0,2,,+27 62 157 6365,60 Persadh Rd - Clairwood - Durban - 4052 - South Africa,8a.m. - 6p.m.,8a.m. - 6p.m.,8a.m. - 6p.m.,8a.m. - 6p.m.,8a.m. - 4p.m.,9a.m. - 3p.m.,Closed,-29.915937500000005,30.9844375
@Calligraphy.Inktattoosdurban,5.0,3,,+27 78 861 4248,303 West St - Town - Durban - 4001 - South Africa,9a.m. - 5p.m.,9a.m. - 5p.m.,9a.m. - 5p.m.,9a.m. - 5p.m.,9a.m. - 5p.m.,9a.m. - 4p.m.,10a.m. - 1p.m.,-29.8590625,31.02443750000002
Just Ink Tattoo Studio,5.0,17,https://tatjustin69.wixsite.com/justink,+27 78 736 8510,114 Wood Rd - Montclair - Durban - 4061 - South Africa,9a.m. - 5p.m.,9a.m. - 5p.m.,9a.m. - 5p.m.,9a.m. - 5p.m.,9a.m. - 5p.m.,9a.m. - 5p.m.,Closed,-29.921687500000004,30.970937500000005
Teardrop Tattoo Parlour,4.5,79,teardroptattoo.co.za,+27 79 014 2954,13 The Lighthouse - Equinox Road - Umhlanga Ridge - Umhlanga - Durban - 4319 - South Africa,10a.m. - 5p.m.,10a.m. - 5p.m.,10a.m. - 5p.m.,10a.m. - 5p.m.,10a.m. - 5p.m.,10a.m. - 5p.m.,10a.m. - 2p.m.,-29.721562499999997,31.064312499999986
Surreal Tattoos,4.9,56,surrealtattoos.co.za,+27 81 508 4852,Shop 10 - The Zen - 31 Zenith Dr - Umhlanga Ridge - Durban - 4319 - South Africa,9a.m. - 5p.m.,9a.m. - 5p.m.,9a.m. - 5p.m.,9a.m. - 5p.m.,9a.m. - 5p.m.,10a.m. - 4p.m.,Closed,-29.7196875,31.064687500000005
Insertion Of Ink Sa,5.0,11,https://insertinksa.com/,+27 78 213 2450,31 Teignmouth Rd - Umbilo - Durban - 4094 - South Africa,,,,,,,,-29.884437499999997,30.982312499999992
Salvage Tattoo,5.0,9,salvagetattoo.co.za,+27 82 307 4100,Shop 52 - 53 Adelaide Tambo Kensington Square - Adelaide Tambo Dr - Durban North - 4051 - South Africa,10a.m. - 6p.m.,10a.m. - 6p.m.,10a.m. - 6p.m.,10a.m. - 6p.m.,10a.m. - 6p.m.,10a.m. - 6p.m.,Closed,-29.785687499999995,31.039062499999986
Throttle Brothers Tattoos,4.3,16,,+27 61 126 2879,330 Quality St - Jacobs - Bluff - 4026 - South Africa,9a.m. - 6p.m.,9a.m. - 6p.m.,9a.m. - 6p.m.,9a.m. - 6p.m.,9a.m. - 6p.m.,9a.m. - 6p.m.,10a.m. - 3p.m.,-29.938062500000008,30.989812499999985
Cebo'S Tattoo Studio/Internet Cafe,4.3,10,,+27 84 696 2866,Nubian Ave - Nsimbini area - Durban - 4091 - South Africa,9a.m. - 8p.m.,9a.m. - 8p.m.,9a.m. - 8p.m.,9a.m. - 8p.m.,8a.m. - 10p.m.,10a.m. - 4p.m.,10a.m. - 7p.m.,-29.8534375,30.952187499999994
Dark Angel Tattoos & Body Piercing,4.3,29,,+27 73 103 0447,1 Spanbury Pl - Eastbury - Durban - 4068 - South Africa,Open 24 hours,Open 24 hours,Open 24 hours,Open 24 hours,Open 24 hours,Open 24 hours,8a.m. - 5p.m.,-29.701812500000003,31.02318750000002
Tried And True Tattoo,5.0,11,,,47 Ashley Ave - Glen Ashley - Durban North - 4051 - South Africa,10a.m. - 6p.m.,10a.m. - 6p.m.,10a.m. - 6p.m.,10a.m. - 6p.m.,10a.m. - 6p.m.,10a.m. - 2p.m.,Closed,-29.7584375,31.04843750000002
Ink It Tattoos,4.7,36,inkittattoos.co.za,+27 81 414 3941,Unit 10 Pineville Junction - 81 Stapleton Rd - Cowies Hill Park - Durban - 3610 - South Africa,9a.m. - 5p.m.,9a.m. - 5p.m.,9a.m. - 5p.m.,9a.m. - 5p.m.,9a.m. - 5p.m.,9a.m. - 1p.m.,Closed,-29.8224375,30.87943750000001
Lotus Tattoo,5.0,2,,+27 71 423 3397,124 Helen Joseph Rd - Glenwood - Durban - 4001 - South Africa,10a.m. - 6p.m.,10a.m. - 6p.m.,10a.m. - 6p.m.,10a.m. - 6p.m.,10a.m. - 10p.m.,11a.m. - 6p.m.,12 - 6p.m.,-29.860187500000002,30.9988125
Alien Ink,5.0,5,https://m.facebook.com/login.php?next=https%3A%2F%2Fm.facebook.com%2FAlien-Ink-Tattoo-Piercing-Studio-Tattooed-Goddess-751858691574308%2F%3Ftsid%3D0.6707664149184698%26source%3Dresult&refsrc=deprecated&_rdr,+27 82 857 3503,Shop No.2 - Limnos square - 1309 Sarnia Rd - Hillary - Durban - 4006 - South Africa,9a.m. - 4p.m.,9a.m. - 4p.m.,9a.m. - 4p.m.,9a.m. - 4p.m.,9a.m. - 4p.m.,9a.m. - 4p.m.,Closed,-29.8903125,30.943062499999982
Evolution Inks Tattoo Shop,5.0,13,https://evolutioninks92.wixsite.com/tattoos,+27 64 657 7570,Unit 13 - 28 Mackeurtan Ave - Swapo Rd - Durban North - Durban - 4001 - South Africa,10a.m. - 6p.m.,10a.m. - 6p.m.,10a.m. - 6p.m.,10a.m. - 6p.m.,10a.m. - 6p.m.,10a.m. - 6p.m.,10a.m. - 2p.m.,-29.776937499999995,31.04606249999999
Denor House,3.4,12,,,347 Smith St - Durban Central - Durban - 4001 - South Africa,,,,,,,,-29.860062499999998,31.02243750000001
Zakiyya - Henna Art Durban,4.3,12,hennaart.co.za,+27 83 786 0978,94 Bardia Ave - Reservoir Hills - Durban - 4091 - South Africa,12 - 2p.m.,12 - 2p.m.,12 - 2p.m.,12 - 2p.m.,Closed,Closed,Closed,-29.809187500000007,30.9399375
Teez Kustomz,4.8,65,,+27 82 267 3118,31 Zenith Dr - Umhlanga - Durban - 4319 - South Africa,Closed,9a.m. - 5p.m.,9a.m. - 5p.m.,9a.m. - 5p.m.,9a.m. - 5p.m.,9a.m. - 5p.m.,9a.m. - 5p.m.,-29.7196875,31.064687500000005
Down 2 Earth Inkers,4.0,1,,+27 79 282 0260,537 Smith St - Durban Central - Durban - 4001 - South Africa,9a.m. - 4p.m.,9a.m. - 4p.m.,9a.m. - 4p.m.,9a.m. - 4p.m.,9a.m. - 4p.m.,9a.m. - 4p.m.,9a.m. - 4p.m.,-29.8611875,31.014187499999977
Santana Ink Tattoo And Piercings Artist Durban Contact,5.0,1,,+27 71 765 6813,8th floor PIONEER BUILDING Durban - Durban - 4091 - South Africa,9a.m. - 6p.m.,9a.m. - 6p.m.,9a.m. - 6p.m.,9a.m. - 6p.m.,9a.m. - 6p.m.,9a.m. - 6p.m.,9a.m. - 6p.m.,-29.8575625,31.023437500000014
Electric Eye Tattoo,4.3,59,chrome-error://chromewebdata/,+27 31 561 2555,13 McCausland Cres - Umhlanga - 4320 - South Africa,10a.m. - 6p.m.,10a.m. - 6p.m.,10a.m. - 6p.m.,10a.m. - 6p.m.,10a.m. - 6p.m.,10a.m. - 6p.m.,10a.m. - 6p.m.,-29.7269375,31.08693750000002
Misfit Ink Tattoo Studio,5.0,1,,+27 66 232 3409,Shop C20 - Wilsons Wharf - 14 Boatmans Rd - Albert Park - Durban - 4000 - South Africa,10a.m. - 9p.m.,10a.m. - 9p.m.,10a.m. - 9p.m.,10a.m. - 9p.m.,10a.m. - 9p.m.,10a.m. - 9p.m.,10a.m. - 6p.m.,-29.8663125,31.0156875
House Of Ink Pty Ltd,5.0,2,houseofink.co.za,+27 74 726 9833,77 Nizam Rd - Merebank East - Durban - 4052 - South Africa,10a.m. - 5p.m.,10a.m. - 5p.m.,10a.m. - 5p.m.,10a.m. - 5p.m.,10a.m. - 5p.m.,10a.m. - 3p.m.,Closed,-29.962562500000004,30.97681249999998
Blackfoot Tattoos Emporium,4.8,5,,+27 62 052 1954,P53 Bhejane Rd - KwaMashu - Durban - 4309 - South Africa,9a.m. - 5p.m.,9a.m. - 5p.m.,9a.m. - 5p.m.,9a.m. - 5p.m.,Open 24 hours,Open 24 hours,9a.m. - 5p.m.,-29.7454375,30.975312499999987
Iqhawe Tattoos,5.0,1,,+27 76 305 1949,197 Brand Rd - Glenwood - Durban - 4001 - South Africa,Closed,9a.m. - 4:30p.m.,9a.m. - 4:30p.m.,9a.m. - 4:30p.m.,9a.m. - 4:30p.m.,9a.m. - 4:30p.m.,9a.m. - 4:30p.m.,-29.863312500000006,30.99681249999996
Cocktail Ink Tattoos,5.0,6,https://cocktail-ink-tattoos.business.site/?utm_source=gmb&utm_medium=referral,+27 78 559 0557,79 Mhlongo Rd - Lamontville - Durban - 4001 - South Africa,8:30a.m. - 6p.m.,8:30a.m. - 6p.m.,8:30a.m. - 6p.m.,8:30a.m. - 7:30p.m.,8:30a.m. - 8p.m.,8:30a.m. - 8p.m.,8:30a.m. - 8p.m.,-29.93981250000001,30.94068750000001
Pro Rider Tattoos,4.9,12,,+27 76 378 9467,Millenium Market - Pandora St - Phoenix - Durban - 4068 - South Africa,,,,,,,,-29.7031875,31.00681249999998
Trinity Tattoos,,,,+27 71 296 8448,297 Florida Rd - Windermere - Durban - 4001 - South Africa,,,,,,,,-29.8299375,31.011937500000002
Tattoos By Kimeshan,4.8,10,https://tattoos-by-kimeshan.business.site/?utm_source=gmb&utm_medium=referral,+27 72 454 8103,80 Grove End Dr - Phoenix - Durban - 4068 - South Africa,Closed,9a.m. - 6p.m.,9a.m. - 6p.m.,9a.m. - 6p.m.,9a.m. - 6p.m.,9a.m. - 6p.m.,9a.m. - 6p.m.,-29.6985625,31.023437500000014
2Wice Ink Tattoos,,,,,Smith St - Durban Central - Durban - 4001 - South Africa,,,,,,,,-29.8593125,31.0253125
Bhubesi Ink,5.0,1,,+27 84 533 1355,159 10th Ave - Morning Side - Durban - 4001 - South Africa,9a.m. - 6p.m.,9a.m. - 6p.m.,9a.m. - 6p.m.,9a.m. - 6p.m.,9a.m. - 6p.m.,9a.m. - 6p.m.,9a.m. - 2:30p.m.,-29.832687500000006,31.0156875
Skin Graaf Ink Tattoo And Piercings,,,,+27 83 376 0338,shop no 7 - 531 Sarnia Rd - Sea View - Durban - 4094 - South Africa,Closed,11a.m. - 8p.m.,11a.m. - 8p.m.,11a.m. - 8p.m.,11a.m. - 8p.m.,11a.m. - 8p.m.,11a.m. - 8p.m.,-29.901812500000005,30.963312499999986
Tattoos King Magic,5.0,4,https://www.facebook.com/,+27 81 309 3637,8 Bell St - HighSpray - Durban - 4001 - South Africa,,,,,,,,-29.866187500000002,31.043562499999993
Blackman Ink,5.0,1,,,357 Smith St - Durban Central - Durban - 4001 - South Africa,,,,,,,,-29.860062499999998,31.021812499999996
Henna By Sumayya J - Durban,,,,+27 76 092 5400,Lilian Ngoyi Rd - Morningside - Durban - 4001 - South Africa,,,,,,,,-29.818687500000003,31.02206250000002
Step Up (Tattoos// Piercings// Permanent Make Up),4.6,18,https://stepuptattoos.business.site/?utm_source=gmb&utm_medium=referral,+27 72 117 7553,shop 35 (ground level - Kloof Village Mall - 33 Village Rd - Kloof - Durban - 3610 - South Africa,Closed,9a.m. - 4p.m.,9a.m. - 4p.m.,9a.m. - 4p.m.,9a.m. - 4p.m.,9a.m. - 2p.m.,Closed,-29.792937499999994,30.833062499999997
Tattooing,,,,+27 31 312 5975,453 Windermere Gve - Morningside - Durban - 4001 - South Africa,,,,,,,,-29.822812500000005,31.022312500000012
South Side Ink,4.7,13,chrome-error://chromewebdata/,+27 84 346 2616,Shop B05 - Granada Square - 16 Chartwell Dr - Umhlanga - Durban - 4319 - South Africa,Closed,10a.m. - 5p.m.,10a.m. - 5p.m.,10a.m. - 5p.m.,10a.m. - 5p.m.,10a.m. - 5p.m.,12 - 5p.m.,-29.727687500000002,31.084812500000012
Simba Tattoos,4.6,33,https://simba-tattoos.business.site/,+27 61 457 6351,41 Heathrow Ave - Riet River - Verulam - 4339 - South Africa,9:30a.m. - 5p.m.,9a.m. - 5p.m.,9:30a.m. - 5p.m.,9a.m. - 5p.m.,9a.m. - 5p.m.,9a.m. - 4:30p.m.,9a.m. - 4:30p.m.,-29.666812500000006,31.033812499999996
Ink Slave,,,https://ink-slave.business.site/?utm_source=gmb&utm_medium=referral,+27 84 551 6742,Room 406 floor number 4 - West Street - 330 pioneer place - Durban Central - Durban - 4000 - South Africa,9a.m. - 8a.m.,9a.m. - 8p.m.,9a.m. - 8p.m.,9a.m. - 8p.m.,9a.m. - 8p.m.,9a.m. - 9p.m.,10a.m. - 7a.m.,-29.858062500000003,31.023312500000017
Skinart Tattoo Training,5.0,6,https://www.skinart.co.za/,+27 72 151 8259,1 King Shaka Ave - Point - Durban - 3610 - South Africa,Open 24 hours,Open 24 hours,Open 24 hours,Open 24 hours,Open 24 hours,Open 24 hours,Open 24 hours,-29.867312500000004,31.046312499999985
Santana Tattoo Artist Durban Matunhire,,,,+27 71 765 6813,8th floor - Room 817 - 330 West St - Durban Central - Durban - 4001 - South Africa,Open 24 hours,Open 24 hours,Open 24 hours,Open 24 hours,Open 24 hours,Open 24 hours,Open 24 hours,-29.8581875,31.023437500000014
Exotic Arts Tattoo Studio,,,,+27 76 692 4556,59 Donkin Road Parlock Newlands West - Durban - 4037 - South Africa,9a.m. - 6p.m.,9a.m. - 6p.m.,9a.m. - 6p.m.,9a.m. - 6p.m.,9a.m. - 6p.m.,9a.m. - 6p.m.,9a.m. - 6p.m.,-29.7986875,30.982187499999995
Throttle Brothers Tattoos,3.0,2,,+27 73 278 6492,574 Tara Rd - Wentworth - Bluff - 4052 - South Africa,,,,,,,,-29.938687500000007,30.989937499999982
Tropical Ink Tattoo & Piercing,4.9,7,tropicalink.co.za,+27 31 561 2555,11 McCausland Cres - Umhlanga - 4320 - South Africa,10a.m. - 5p.m.,10a.m. - 5p.m.,10a.m. - 5p.m.,10a.m. - 5p.m.,10a.m. - 5p.m.,10a.m. - 5p.m.,Closed,-29.7269375,31.087437500000007
Majestic Ink,,,,+27 72 054 9570,Greenwood Park - Durban North - 4051 - South Africa,8a.m. - 6p.m.,8a.m. - 6p.m.,8a.m. - 6p.m.,8a.m. - 6p.m.,8a.m. - 6p.m.,8a.m. - 6p.m.,8a.m. - 6p.m.,-29.778437499999995,31.020312500000003
Dit'Studio'S,,,,+27 84 517 8475,Pine Rd - Clairwood - Durban - 4052 - South Africa,,,,,,,,-29.914937500000008,30.982312499999992
2Wice Ink Tattoos,,,,+27 74 751 0862,396 West St - Durban Central - Durban - 4001 - South Africa,,,,,,,,-29.8588125,31.0204375
Alpha Assassin Tattoo,4.8,51,alphaassassintattoo.co.za,+27 71 538 9633,12 Cadmoor Rd - Assagay - Outer West Durban - 3624 - South Africa,8a.m. - 6p.m.,8a.m. - 6p.m.,8a.m. - 6p.m.,8a.m. - 6p.m.,8a.m. - 6p.m.,8a.m. - 6p.m.,8a.m. - 6p.m.,-29.766937499999997,30.742312499999983
Reunion Tattoo Masters,3.0,2,,+27 78 394 0818,Umlazi Mega City - Shop S182 50 Griffith Mxenge Highway Umlazi 4066 Reunion - Durban - 4089 - South Africa,Closed,9a.m. - 7p.m.,9a.m. - 7p.m.,9a.m. - 7p.m.,8a.m. - 9p.m.,8a.m. - 9p.m.,Open 24 hours,-29.954812500000003,30.938562500000003
Inkking Tattoos,,,,+27 74 315 9046,57 Spearman Rd - Sydenham - Durban - 4091 - South Africa,11a.m. - 5p.m.,11a.m. - 5p.m.,11a.m. - 5p.m.,11:30a.m. - 5p.m.,11a.m. - 5p.m.,11a.m. - 5p.m.,11a.m. - 5p.m.,-29.831312500000003,30.9784375
Creative Ink,,,,+27 31 573 1048,15 Leslie Ave - Rosehill - Durban - 4051 - South Africa,,,,,,,,-29.7948125,31.0215625
Dark Ink Tattoos,,,https://www.facebook.com/DarkInkTattoosbyElieAchkar/,,23 Silver Willow Rd - Springfield - Durban - 1234 - South Africa,,,,,,,,-29.8169375,31.006562499999987
Smokin Tattoos,4.3,17,https://heytattoo.co.za/0333583/Smokin_Tattoos,+27 73 281 2488,36 Inyoni Cres - Athlone Park - Amanzimtoti - 4126 - South Africa,,,,,,,,-30.0409375,30.895312499999974
Nightmare Ink,5.0,11,,+27 31 404 3636,33 Damorosa Cres - Moorton - Chatsworth - 4092 - South Africa,,,,,,,,-29.9046875,30.870312499999997
Sacred Empire Tattoos & Piercings,4.4,5,,+27 83 303 6638,Waterfall - Durban - 3652 - South Africa,10a.m. - 6p.m.,Closed,10a.m. - 6p.m.,10a.m. - 6p.m.,10a.m. - 5p.m.,10a.m. - 3p.m.,10a.m. - 1p.m.,-29.749562500000003,30.81531249999999
Mondli'S Tattoos,5.0,4,,+27 65 941 0961,Shop 3 Union Ln - Pinetown - Durban - 3610 - South Africa,,,,,,,,-29.812312500000004,30.855937499999996
Surreal Tattoo Studio,,,,,66 Assegai Cres - Jacobs - Bluff - 4026 - South Africa,,,,,,,,-29.934687500000003,30.98356249999999
Skincity Route031,5.0,4,,+27 81 435 5412,32 Mthini Rd - Ezilwaneni - KwaMashu - 4360 - South Africa,9a.m. - 6p.m.,9a.m. - 6p.m.,9a.m. - 6p.m.,9a.m. - 6p.m.,9a.m. - 6p.m.,9a.m. - 6p.m.,9a.m. - 12p.m.,-29.742062500000003,30.974187499999985
Tattoo Artist,,,https://andrewmichaelspsychic.site.live/,+27 74 409 0265,107 Dowland Ave - Memorial Park - Durban - 4092 - South Africa,,,,,,,,-29.889312500000003,30.937687499999996
Yolo Creationz Tattoos,5.0,1,,+27 74 247 9803,building - 5 Zenith - 20 Solstice Rd - Umhlanga Ridge - Durban - 4319 - South Africa,10a.m. - 6:30p.m.,10a.m. - 6:30p.m.,10a.m. - 6:30p.m.,10a.m. - 6:30p.m.,10a.m. - 6:30p.m.,10a.m. - 7p.m.,10a.m. - 6p.m.,-29.7216875,31.06293749999999
Kaykeo Tattoo Academy,3.4,16,kaykeotattooacademy.co.za,+27 84 995 2989,2 Allagappa Rd - Motala Heights - Pinetown - 3600 - South Africa,8a.m. - 8p.m.,8a.m. - 8p.m.,8a.m. - 8p.m.,8a.m. - 8p.m.,8a.m. - 6p.m.,8a.m. - 10p.m.,8a.m. - 10p.m.,-29.809937500000004,30.830437500000002
Spray Paint Rebel Tattoo,5.0,10,,+27 74 623 4636,Bester - 20 Ntuzuma Access Road - KwaMashu - 4309 - South Africa,9a.m. - 5p.m.,9a.m. - 5p.m.,9a.m. - 5p.m.,9a.m. - 5p.m.,9a.m. - 5p.m.,9a.m. - 5p.m.,10a.m. - 2p.m.,-29.723062500000005,30.983812499999985
Ink Wise Durban,5.0,1,,+27 31 306 9945,170 Victoria Embankment - Durban Central - Durban - 4001 - South Africa,8a.m. - 6p.m.,8a.m. - 6p.m.,8a.m. - 6p.m.,8a.m. - 6p.m.,8a.m. - 6p.m.,8a.m. - 6p.m.,8a.m. - 6p.m.,-29.8635625,31.017937500000002
Euroâ˜†Signz Tattoos,5.0,3,https://euro-signz-tattoos.business.site/?utm_source=gmb&utm_medium=referral,+27 83 760 4777,116 Caspian St - Westcliff - Durban - 4092 - South Africa,Open 24 hours,Open 24 hours,Open 24 hours,Open 24 hours,Open 24 hours,Open 24 hours,Open 24 hours,-29.909937500000005,30.89218749999999
Skin Dreams Tattoos,,,,+27 62 064 7066,109 Colorado Circle - Bayview - Chatsworth - Durban - 4092 - South Africa,,,,,,,,-29.9206875,30.91068750000001
Krsna Tattoos & Piercings,5.0,1,,,391 Palmview drive - Phoenix - Phoenix - Durban - 4068 - South Africa,9a.m. - 8p.m.,9a.m. - 8p.m.,9a.m. - 8p.m.,9a.m. - 8p.m.,9a.m. - 8p.m.,9a.m. - 8p.m.,9a.m. - 8p.m.,-29.676437500000006,31.025562499999992
Kevin'S Kustom Tattoos,4.0,4,,+27 83 259 7716,Linkhills Shopping Center Waterfall - 3652 - Inanda Rd - Waterfall - Durban - 3652 - South Africa,8a.m. - 3p.m.,8a.m. - 3p.m.,8a.m. - 3p.m.,8a.m. - 3p.m.,8a.m. - 3p.m.,8a.m. - 3p.m.,Closed,-29.750812500000002,30.814812500000002
Inked By Zunai Tattoo And Piercing Studio,,,,+27 72 044 9458,Shop No. G8 - 250 Umhlanga Rocks Dr - Umhlanga - Durban - 4051 - South Africa,Closed,10a.m. - 7:30p.m.,10a.m. - 7:30p.m.,10a.m. - 7:30p.m.,10a.m. - 7:30p.m.,10a.m. - 7:30p.m.,10a.m. - 5p.m.,-29.735062499999998,31.064312499999986
Crazy Tattoos,5.0,4,,+27 84 466 8989,6 Ashoka Pl - Croftdene - Chatsworth - 4092 - South Africa,,,,,,,,-29.9260625,30.89106249999999
Proink Tattoos,,,,+27 66 286 3280,4 4th Way - Rockford - Phoenix - 4068 - South Africa,Closed,Closed,Closed,Closed,Closed,11a.m. - 4p.m.,11a.m. - 4p.m.,-29.714687500000004,31.03531249999999
Insane Inks,5.0,1,https://insane-inks.business.site/?utm_source=gmb&utm_medium=referral,+27 66 219 2730,348 Montdene Dr - Chatsworth - Durban - 4092 - South Africa,Open 24 hours,Open 24 hours,Open 24 hours,Open 24 hours,Open 24 hours,Open 24 hours,Open 24 hours,-29.924312500000006,30.89343749999999
New Generation Tattoo,,,,+27 31 404 9476,26 Moorton Dr - Chatsworth - Durban - 4092 - South Africa,,,,,,,,-29.912562500000007,30.868062499999994
Tattoo Equip Sa,5.0,1,https://tattooequip.co.za/,+27 84 995 2989,2 Allagappa Road Unit 2 Pinetown - Motala Heights - Durban - 3610 - South Africa,Open 24 hours,Open 24 hours,Open 24 hours,Open 24 hours,Open 24 hours,Open 24 hours,Open 24 hours,-29.809937500000004,30.830437500000002
Disturbed Ink,5.0,1,,+27 76 480 7432,8 - 95 Goodwood Rd - Mahogany Ridge - Pinetown - 3608 - South Africa,8a.m. - 6p.m.,8a.m. - 6p.m.,8a.m. - 6p.m.,8a.m. - 6p.m.,8a.m. - 6p.m.,8a.m. - 6p.m.,8a.m. - 6p.m.,-29.8220625,30.813187500000012
Nemesis Tattoo,5.0,4,,+27 79 778 8199,172 Croftdene Dr - Croftdene - Chatsworth - 4092 - South Africa,,,,,,,,-29.922937500000003,30.89218749999999
Mike Artura - Artura Tattoo Studio,4.3,11,,+27 82 776 8000,B12 Block Hillcrest Park - 45 Ridge Rd - Hillcrest - 3650 - South Africa,10a.m. - 4p.m.,10a.m. - 4p.m.,10a.m. - 4p.m.,10a.m. - 4p.m.,10a.m. - 4p.m.,10a.m. - 4p.m.,Closed,-29.777562499999995,30.77843750000001
Kaykeo Tattoo Supply,1.0,1,https://tattoo-supply-durban.business.site/,+27 84 995 2989,2 Allagappa Rd - Motala Heights - Pinetown - 3610 - South Africa,9a.m. - 6p.m.,9a.m. - 6p.m.,9a.m. - 6p.m.,9a.m. - 6p.m.,9a.m. - 6p.m.,9a.m. - 6p.m.,9a.m. - 2p.m.,-29.809937500000004,30.830437500000002
Forbidden Ink,,,,,9 Old Main Rd - Hillcrest - Durban - 3610 - South Africa,,,,,,,,-29.7888125,30.772937499999998
Out The Gutter Ink,5.0,1,,+27 81 829 9854,62 740 Rd - Chatsworth - Durban - 4092 - South Africa,10a.m. - 11p.m.,9a.m. - 11p.m.,9a.m. - 11p.m.,9a.m. - 11p.m.,9a.m. - 10p.m.,9a.m. - 10p.m.,9a.m. - 10p.m.,-29.919562500000005,30.870312499999997
Ethereal Vision Tattoo Studio,5.0,2,https://www.facebook.com/EtherealVisionsTattooedGoddess,+27 82 857 3503,41 Old Main Rd - Hillcrest - 3610 - South Africa,9a.m. - 4p.m.,9a.m. - 4p.m.,9a.m. - 4p.m.,9a.m. - 4p.m.,9a.m. - 4p.m.,9a.m. - 4p.m.,Closed,-29.784437499999996,30.766312499999984
I Art Ink Tattoo Studio,,,,+27 31 584 6924,18 Zenith Dr - Umhlanga Ridge - Umhlanga - 4319 - South Africa,,,,,,,,-29.721249999999998,31.06375
Raw Ink Private Tattoo Sessions,,,https://raw-ink-private-tattoo-sessions.business.site/?utm_source=gmb&utm_medium=referral,+27 65 895 6842,247 Hawk Rd - Verulam - Durban - 4340 - South Africa,10a.m. - 6p.m.,10p.m. - 12a.m.,12a.m. - 6p.m.,10a.m. - 6p.m.,10a.m. - 6p.m.,10a.m. - 8p.m.,Closed,-29.660562500000005,31.0613125
Wespe Custom Arts,,,https://www.facebook.com/wespecustomarts/,+27 65 588 8673,289 Hartley Pl - Amanzimtoti - Durban - 4126 - South Africa,8a.m. - 9p.m.,8a.m. - 9p.m.,8a.m. - 9p.m.,8a.m. - 9p.m.,8a.m. - 9p.m.,8a.m. - 9p.m.,Closed,-30.064937500000006,30.87656249999999
New Skool Tattoo,,,,+27 60 352 2092,1 Strelitzia Rd - Amanzimtoti - Durban - 4126 - South Africa,,,,,,,,-30.0855625,30.865312499999973
Nemesis Tattoo,,,,,8 Midmar Rd - Burlington Heights - Queensburgh - 4093 - South Africa,,,,,,,,-29.900062500000004,30.89218749999999
Havoc Ink,,,,,59 Old Main Rd - Hillcrest - 3650 - South Africa,,,,,,,,-29.780187500000004,30.762687499999984
Puddy Inkers,5.0,2,https://puddy-inkers.business.site/?utm_source=gmb&utm_medium=referral,+27 68 022 2941,Unnamed Road - Umgababa - Durban - 4126 - South Africa,9a.m. - 5p.m.,9a.m. - 5p.m.,9a.m. - 5p.m.,9a.m. - 5p.m.,9a.m. - 5p.m.,9a.m. - 7p.m.,9a.m. - 4p.m.,-30.6340625,30.36543749999997
