Title,Website,Phone Number,Country,Postal Code,City,"Building, Street, etc."
Metal Machine Tattoo Studio,https://www.mmtattoo.com/,+27 21 423 0688,South Africa,8001,Cape Town,49 Shortmarket St - Central
Hoodoo Tattoos,https://www.facebook.com/HoodooTattoos/,+27 21 486 9003,South Africa,7441,Cape Town,186 Lower Main Rd - Observatory
Cape Electric Tattoo,capeelectrictattoo.com,+27 21 423 7646,South Africa,8001,Cape Town,11 Buitensingel St - Gardens
Cape Town Tattoos. Mr Lucky'S,http://www.capetowntattoo.com/,+27 84 588 6005,South Africa,7915,Cape Town,Fairweather house - 31 Francis Street - Zonnebloem The Basement - Zonnebloem
Tomb Tattoo,tombtattoo.co.za,+27 21 461 5218,South Africa,8001,Cape Town,Unit 16 gardens business village Wandel street - Gardens
Betrue Ink Tattoo'S And Body Piercing Studio,,+27 83 364 6483,South Africa,8001,Cape Town,african mall - 98 Long St - Cape Town City Centre
More Than Hype - Tattoo Art Collective,,+27 72 606 1499,South Africa,8001,Cape Town,Model Villa Oranjezicht - 4 Hiddingh Ave - Gardens
Sleight Of Hand Tattoos,https://sleightofhandtattoos.wixsite.com/soht,,South Africa,7915,Cape Town,48 Albert Rd - Woodstock
Keepsake Tattoo Cape Town,,,South Africa,7806,Cape Town,Stoked Building - 175 Main Rd - Muizenberg
Wildfire Tattoo And Body Piercing Studio,wildfireza.com,+27 21 422 0524,South Africa,8000,Cape Town,206 Long St - Cape Town City Centre
The Body Architects,thebodyarchitects.com,+27 82 226 4065,South Africa,7708,Cape Town,166 2nd Ave - Kenilworth
Queen Of Steel,http://www.queenofsteel.co.za/,+27 21 712 5088,South Africa,7945,Cape Town,Shop G64 Blue Route Mall - Tokai
Kings And Queens Ink Lounge,,+27 79 399 0926,South Africa,7580,Cape Town,5 Kiepersol St - Kuils River
Good Things Tattoo,goodthingstattoo.com,+27 60 603 3586,South Africa,7925,Cape Town,304 Albert Rd - Woodstock
Kak Lucky Tattoos,kakluckytattoos.com,+27 21 422 2963,South Africa,8001,Cape Town,43 Kloof St - Gardens
Dark Horse Society,darkhorse.co.za,,South Africa,7708,Cape Town,91 1st Ave - Claremont
Skullbox & Tattoo Company,skullboxtattoocompany.com,+27 72 403 3071,South Africa,7441,Cape Town,Shop 2 - The Emporium - Sandown Rd - Parklands
Arcane Tattoo & Piercing,https://www.facebook.com/Arcanetattoo,+27 21 447 1967,South Africa,7935,Cape Town,98 Lower Main Rd - Observatory
Inkfinity Tattoo Studio,https://www.facebook.com/inkfinity.tattoo.studio/,+27 74 664 6464,South Africa,7500,Cape Town,242 Voortrekker Rd - Parow
Skintrade Tattoos,skintrade.co.za,+27 76 025 2410,South Africa,7441,Cape Town,Shop 5 - Northpoint Centre - Porterfield Rd - Table View
Marius Bosman'S Tattoo Studio,https://m.facebook.com/login.php?next=https%3A%2F%2Fm.facebook.com%2Fmariusbosmantattoos&refsrc=deprecated&_rdr,+27 78 607 5775,South Africa,7139,Cape Town,580 Frans Conradie Dr - Brackenfell
Devon Slaves Tattoos,,+27 83 229 0376,South Africa,7493,Cape Town,30 Tennant Cres - N.T.
The Ink Lane Tattoos,facebook.com,+27 81 584 1336,South Africa,7441,Cape Town,Burgundy Estate
Mantra Tattoos,https://m.facebook.com/login.php?next=https%3A%2F%2Fm.facebook.com%2Fsamantratattoos%2F&refsrc=deprecated&_rdr,+27 82 528 0566,South Africa,8000,Cape Town,142 Buitengracht St - Cape Town City Centre
Primal Culture Tattoo Studio,primalculture.co.za,+27 21 707 1299,South Africa,7800,Cape Town,unit 3 - Clarewood - 1 Annandale Rd - Diep River
Monarch Tattoo Co.,https://www.monarchtattoo.co.za/,+27 76 839 6849,South Africa,7925,Cape Town,The Old Castle Brewery 4th Floor - Unit 410 - Woodstock
Disciples Ink Durbanville Tattoo Studio,disciplesink.co.za,+27 61 289 9798,South Africa,7530,Cape Town,1st Floor Shop 1 - Tygervally - High Street Center Durban Road - 8 Durbanville Ave
Hellhound Tattoo Studio,hellhoundtattoo.co.za,+27 81 506 6495,South Africa,7441,Cape Town,7 Blaauwberg Rd - Table View
Ten Two Tattoo,https://m.facebook.com/login.php?next=https%3A%2F%2Fm.facebook.com%2Fprofile.php%3Fid%3D1096652487018983&refsrc=deprecated&_rdr,+27 73 069 2156,South Africa,7700,Cape Town,24A - 26 Main Rd - Rondebosch
Wildfire Tattoo & Piercing - Canal Walk,https://wildfireza.com/,+27 21 552 8929,South Africa,7441,Cape Town,Shop 478a - Entrance 8 - Canal Walk - Century Blvd - Century City
Disciples Ink Strand Tattoo Studio,disciplesink.co.za,+27 71 099 7458,South Africa,7140,Cape Town,Beach Rd - Strand
Blake Ink Tattoo & Piercing Studio,,+27 76 903 2356,South Africa,7925,Cape Town,Gateway To Obz - 1 Cranko Rd - Observatory
Kanasashi Tattoos,,+27 72 213 5072,South Africa,7801,Cape Town,86 Victoria Rd - Plumstead
Cape Tattoo Co,https://www.facebook.com/capetattoo/,+27 82 552 9423,South Africa,7925,Cape Town,Inside Armchair Theatre - 135 Lower Main Rd - Observatory
Moving Art Tattoos And Piercings,movingarttattoos.co.za,+27 72 869 8237,South Africa,7460,Cape Town,18 Monte Vista Blvd - Monte Vista
Afterlife Ink Tattoos,https://www.facebook.com/afterlifetattoos83/,+27 78 743 7712,South Africa,7460,Cape Town,140 Voortrekker Rd - Goodwood
True Colours Tattoo Studio,,+27 82 503 7714,South Africa,7708,Cape Town,G17 - Stadium on Main - 99 Main Rd - Claremont
Team Black Sheep Tattoos,https://www.facebook.com/teamblacksheeptattoocapetown/,+27 79 367 0116,South Africa,7441,Cape Town,12 Marine Cir - Table View
Serenity Tattoos & Piercings Cpt,,+27 64 317 1588,South Africa,7530,Cape Town,11 Vlei St - Parow Valley
Illusion Tattoos Supplies (Tattoos & Piercings) (Pty) Ltd.,https://www.illusiontattoos.co.za/,+27 62 682 8327,South Africa,7441,Cape Town,52 Cross Rd - Table View
Bethaaink_Tattoo & Piercing,chrome-error://chromewebdata/,+27 67 884 2957,South Africa,8000,Cape Town,24 Plein St - Cape Town City Centre
The Tattooer,https://www.thetattooer.net/,+27 82 456 2858,South Africa,7530,Cape Town,13th Ave - Boston
Black Jack Tattoos,heytattoo.co.za,+27 66 434 7976,South Africa,8000,Cape Town,83 Voortrekker Rd - Glenlily
Studio 52,,,South Africa,7441,Cape Town,Parklands Junction - Parklands Main Rd & Wood Dr - Parklands
Palm Black Tattoo,https://www.instagram.com/palmblacktattoo/,+27 21 461 0622,South Africa,8001,Cape Town,16B Kloof Nek Rd - Gardens
Skullair Tattoo Supplies Cape Town,skullair.co.za,+27 81 040 5194,South Africa,7441,Cape Town,127 Blaauwberg Rd - Table View
Black Cannon Tattoos,bctattoo.co.za,+27 72 732 0482,South Africa,7945,Cape Town,120 Main Rd - Muizenberg
Mad Ink Tattoos,madink.co.za,+27 71 302 2660,South Africa,7500,Cape Town,54 McIntyre St - Glenlily
Sanctum Design Tattoo Theatre,,+27 71 489 0520,South Africa,7975,Cape Town,Capricorn Beach Estate - 39 Santiago Bay - Sanderling Rd - Muizenberg
Sally Mustang Tattoos Cape Town,https://www.sallymustangs.co/,+27 21 426 9020,South Africa,7806,Cape Town,29 Park Ave - Hout Bay
Killswitch-Ink,,+27 81 499 1138,South Africa,8060,Cape Town,3 Clarens Rd - Sea Point
All Hands Tattoo Studio,,+27 72 136 2347,South Africa,7945,Cape Town,77 Main Rd - Muizenberg
Inkrepublik Tattoo Studio,,+27 65 676 7289,South Africa,7806,Cape Town,Shop 13 Village Gate - Main Rd - Hout Bay
Ink Cartel Cape Town,https://barbercartel.co.za/,+27 79 501 9219,South Africa,8001,Cape Town,87 Victoria Rd - Camps Bay
Dreaming Ink,https://www.instagram.com/dreaminginktattoos/,+27 84 232 0537,South Africa,7950,Cape Town,34 Palmer Rd - Muizenberg
Wildfire Tattoo And Body Piercing Studio,wildfireza.com,+27 79 244 8699,South Africa,7708,Cape Town,Unit 4 - Access park - 81 Chichester Rd - Kenilworth
New Dawn Tattoos,https://www.facebook.com/newdawntattoos,+27 71 482 1412,South Africa,7530,Cape Town,136 Edward Rd - Bo Oakdale
Tools Of Trade Tattoo Studios,,+27 65 299 5498,South Africa,7925,Cape Town,10a Brickfield Park - 18 Brickfield Rd - Woodstock
Master G Inks Cape Town,,+27 79 932 8358,South Africa,8001,Cape Town,261 Main Rd - Sea Point
Black & White Tattoo Studios - Cape Town,blackandwhitetattoostudios.co.za,+27 68 143 2262,South Africa,7441,Cape Town,Shop 407a - Canal Walk Mall - Century Blvd - Century City
The Witch House,thewitchhouse.co.za,+27 78 083 5808,South Africa,7708,Cape Town,34 1st Ave - Claremont
Henna Tattoos,hennatattoos.co.za,+27 82 324 3741,South Africa,7945,Cape Town,"14 Highgrove, - 35 Tokai Rd - Tokai"
Marshall Law Tattoo Studio,,+27 82 223 2269,South Africa,7798,Cape Town,c/o Jakes Gerwel Drive &Morgenster Road - Mitchells Plain
Amethyst Body Art,https://amethystbodyart.com/,+27 71 927 9773,South Africa,7441,Cape Town,19 Blaauwberg Rd - Table View
Secret Garden Tattoo,,+27 82 944 0491,South Africa,7800,Cape Town,161 Main Rd - Plumstead
Whittleink Tattoo Studio,https://www.facebook.com/WhittleInkFamily/?ref=pages_you_manage,+27 83 680 4047,South Africa,7785,Cape Town,186 Metropolitan St - Beacon Valley
Samurai Empire Tattoo Studio,,+27 79 412 8522,South Africa,7785,Cape Town,Tygervalley - Shop 2 - Cascades 1 Tyger Waterfront
Ink & Cbd Studio 85,,+27 65 993 6151,South Africa,7441,Cape Town,Parklands Park West Centre Unit 12A2
Skin Vandal Tattoos,business.site,+27 73 790 5732,South Africa,7580,Cape Town,31 Coway St - Diepwater
Needles & Pins Tattoo,https://needlespins-tattoo.business.site/,+27 61 419 3694,South Africa,7974,Cape Town,Shop 2 Triangle Square - Cnr de Waal & - 1st Cres - Fish Hoek
"""R""""Ink Tattoos Sa""",https://rink-tattoos-sa.business.site/?utm_source=gmb&utm_medium=referral,+27 71 359 2095,South Africa,7500,Cape Town,18 Marlborough St - Marlborough
Gray'S Ink,https://grays-ink.business.site/,+27 62 341 9226,South Africa,7785,Cape Town,4 Stag Cres - Mitchells Plain
Pennyred Tattoo Supplies (Pty)Ltd. & Tattoo Studio,https://www.pennyred.co.za/,+27 83 265 8344,South Africa,7441,Cape Town,Sunningdale
Ink 'N Steel - Tattoo & Piercings,https://ink-n-steel-tattoo-piercings.business.site/?utm_source=gmb&utm_medium=referral,+27 71 338 3785,South Africa,7560,Vredekloof Heights,Shop 2B De Bron Centre - Gardener St
True Black Tattoo Training,,+27 84 569 1406,South Africa,7441,Cape Town,2 Long St - Cape Town City Centre
Murder Ink Tattoo & Piercing Lounge,,+27 21 811 1779,South Africa,7580,Cape Town,116 Lang St - Kuils River
Hood Ink,,+27 78 783 5615,South Africa,7935,Cape Town,26B Lower Main Rd - Observatory
Black Rose Tattoos,,+27 73 023 0746,South Africa,7915,Cape Town,363 Albert Rd - Woodstock
Tainted Skin Tattoo Studio,,+27 79 698 1962,South Africa,7460,Cape Town,Murray St - Vasco Estate
'S' Tattoo Supplies And Skincare Products,https://s-tattoo-supplies.business.site/?utm_source=gmb&utm_medium=referral,+27 68 055 5555,South Africa,7500,Cape Town,269B Voortrekker Rd - Parow
Aya Soul Tattoos,pingils.co.za,+27 82 564 9992,South Africa,7925,Cape Town,222 Sir Lowry Rd - Zonnebloem
Brightstar Tattoo And Piercing Studio,,+27 74 782 7640,South Africa,7785,Cape Town,15 Oxford Cres - london village
Rotten Apple Tattoo Studio,,+27 78 936 7861,South Africa,7945,Cape Town,Shop 276 Retreat Rd - Retreat
All Or Nothing Tattoo Studio,,+27 82 556 0898,South Africa,7925,Cape Town,145 Sir Lowry Rd - Zonnebloem - Cape Town - Western Cape
Firehawk Ink,https://firehawkink.wixsite.com/tattoo,+27 72 693 6334,South Africa,7441,Cape Town,15 Lingfield closer Close - Milnerton Ridge
Lady Luck Tattoos,,,South Africa,8001,Cape Town,2nd floor - 53 Wale St - CBD
Vg Tattooing,,+27 78 599 8900,South Africa,7490,Cape Town,64 Clare St - Connaught
Mimi D Tattoo,https://www.instagram.com/mimi_d_tattoo/,,South Africa,8001,Cape Town,136 Buitenkant St - Gardens
Ironclad Tattoos,https://aidincityonfire.wixsite.com/ironcladtattoos,+27 84 955 0943,South Africa,7441,Cape Town,3 Viola Rd - Table View
Gypsy Cove Tattoo,,+27 74 318 0080,South Africa,8001,Cape Town,2nd Floor - One11 Gallery - 111 Loop St - Cape Town City Centre
The Tattoo Shop Bellville,,+27 72 351 5177,South Africa,7530,Cape Town,217 Bellevue St - Kempenville
444Tattoostudio,https://www.instagram.com/444tattoostudio/,+27 69 632 3689,South Africa,7441,Cape Town,Sable Square Shopping Centre - Century City
Tattoo At Studio 52,,,South Africa,7441,Cape Town,Milnerton Rural
Skin Tattoo Studio,https://skintattoo.weebly.com/,+27 66 238 5571,South Africa,7500,Cape Town,106 Scott Rd - Parow
Long Street Tattoo Co.,https://longstreettattoo.co.za/,+27 81 897 2531,South Africa,8001,Cape Town,305 Long St - CBD
West Coast Inked Tattoo,,+27 73 733 5724,South Africa,7441,Cape Town,35 coot cresent Flamingo Vlei - Milnerton Rural
The Salty Dog Tattoo Parlour,,,South Africa,7925,Cape Town,374 - 14 Salt Circle Arcade - Albert Rd - Salt River
The Tattoo Den,https://thetattooden.business.site/?utm_source=gmb&utm_medium=referral,+27 73 373 4681,South Africa,7785,Cape Town,10 Wellington St - Portland
Luna Tattoo,,,South Africa,7441,Cape Town,107 Blaauwberg Rd - Table View
Cailin Tattoo,,,South Africa,8001,Cape Town,111 Loop St - Cape Town City Centre
Aztec Tatoo & Piercing,,,South Africa,7530,Cape Town,Edward Rd - Bo Oakdale
Die Honest,diehonest.com,,South Africa,7925,Cape Town,Sins of Style - 37 Barrack St - Zonnebloem
Cpt Ink Addicts,https://cpt-ink-addicts.business.site/?utm_source=gmb&utm_medium=referral,+27 61 585 9347,South Africa,7785,Cape Town,4 Ayrshire Cl - Westridge
Regnif Temporary Tattoos,,,South Africa,8001,Cape Town,45 Mill St - Gardens
Temp Tattoos Cc,,+27 21 433 0396,South Africa,8000,Cape Town,Helen Suzman Blvd
Disciples Ink,,+27 83 783 0183,South Africa,7530,Bellville,Floor 1 High Street Ctr Tygervalley
Killswitch Ink Cape Town,,+27 81 499 1138,South Africa,7493,Cape Town,86 Charles Grodes Cres - Ravensmead
Wild Side Tattoos,wildsidetattooz.co.za,+27 78 761 9932,South Africa,7405,Cape Town,80 Da Gama Street - 1 Barnhyme Court - Brooklyn
Here Now Tattoo,https://www.instagram.com/herenowtattoo/,,South Africa,8001,Cape Town,2nd floor - 53 Wale St - CBD
Bad Monkey Tattoo Studio,,,South Africa,7441,Cape Town,258 Blaauwberg Rd - Table View
The Gallery Tattoo Studio,,+27 79 474 8403,South Africa,7925,Cape Town,363 Albert Rd - Woodstock
Hood Ink Tattoos,https://www.facebook.com/hoodinktattoos,+27 61 854 9087,South Africa,7441,Cape Town,Postdam Road & - Winning Way - Dunoon
Midnight Sun Tattoo,,+27 76 912 1381,South Africa,7441,Cape Town,unit 5 - Eaton Centre - 19 Blaauwberg Rd - Table View
Siegwerk Ink,,+27 21 552 6125,South Africa,7441,Cape Town,17 3rd St - Montague Gdns Ind
The Tattoo Valley,thetattoovalley.co.za,+27 79 217 6199,South Africa,7975,Cape Town,Appointment only - 37 Longboat St - Sunnydale
Wredekloof Hair And Tattoo Studio,https://www.facebook.com/hairbyjessiedk/,+27 76 870 0327,South Africa,7560,Cape Town,4 Marigold Way - Vredekloof
The Ink Lounge,https://www.facebook.com/The-Ink-Lounge-111249148902892/,+27 84 650 3749,South Africa,7500,Cape Town,144 Voortrekker Rd - Glenlily
Candy Moment Tattoos,,,South Africa,7140,Cape Town,Marine drive - Helderberg Rural
Freestylers Tattoo Lounge,,,South Africa,7441,Cape Town,12 Beach Blvd - Table View
Hooligansink,,+27 84 818 5207,South Africa,7530,Cape Town,25 Rhebok Cl - Loevenstein
Tattoo Zone Studio,,+27 81 518 2969,South Africa,7500,Cape Town,83 Voortrekker Rd - Parow
Tattooist Guy,https://www.tattooistguy.com/,+27 74 185 8425,South Africa,7925,Cape Town,48 Albert Rd - Woodstock
Ghostbong Tattoos,,+27 81 762 9702,South Africa,7100,Cape Town,128 Fairview Rd - penhill estate
Tattoos By Gabrin Minnaar,,,South Africa,7580,Cape Town,43 Van Riebeeck Rd - Kuils River
Iron Warrior Tattoo Supplies,,,South Africa,7800,Cape Town,5 Cornwall Pl - Wynberg
Salvatrix Ink Tattoo Studio,,+27 76 798 5377,South Africa,7735,Cape Town,Grove Ave
Lafriniere Collection,,+27 83 566 7431,South Africa,8001,Cape Town,138 Bree St - Cape Town City Centre
Gugulethu Tattoo Store,chrome-error://chromewebdata/,+27 63 785 3572,South Africa,7750,Cape Town,Ny13 No21 - Guguletu
Hoodoo Tattoos,,+27 21 554 4086,South Africa,7441,Milnerton,Eden On The Bay Mall - Sir David Baird Dve - Bloubergstrand
Satori Ink Cpt,,+27 61 590 6231,South Africa,7945,Cape Town,Allenby Dr - Retreat
Smackatatt,,+27 76 135 3371,South Africa,7530,Cape Town,2 Kingsmead Ave - Kingston
The Tattoo Lounge,,+27 81 869 5600,South Africa,7945,Cape Town,460 Main Rd - Retreat
Mean Jean Tattoos,,+27 71 179 0057,South Africa,7405,Cape Town,31 Justin St - Brooklyn
C.T.E Tattoos Supplies,https://www.illusiontattoos.co.za/,+27 81 374 9130,South Africa,7441,Cape Town,152 Gie Rd - Table view
Shapeshiftstudio,,+27 79 710 4312,South Africa,0070,Cape Town,1 Glynville terrace - no.5A media hive building - Gardens
Oldfield Tattoos,,+27 21 461 5218,South Africa,8001,Cape Town,5 Wandel St - Gardens
Maverick Ink Sa,,,South Africa,7950,Cape Town,120 Main Rd - Muizenberg
@ That Tattoo Studio,chrome-error://chromewebdata/,+27 65 350 7565,South Africa,8005,Cape Town,9 Campberwell rd - 702 The Ritz - Sea Point
Laser Tattoo Removal Cape Town,lasertattooremovalcapetown.co.za,+27 79 168 7209,South Africa,7441,Cape Town,102 Oakland Hill Rd - Parklands
Ctrl+Alt+Del Tattoo Removal & Lightening,,+27 83 411 1821,South Africa,7441,Cape Town,17 Redcliffe Cl - Parklands
Empire Tattoo Studio,https://hadleybrauns5.wixsite.com/my-site,+27 84 445 1999,South Africa,7130,Cape Town,Shop 4 - 144 Main Rd - Somerset West
Carvel,carvel.co.za,+27 82 044 2038,South Africa,7979,Cape Town,65 Beach Rd - Chapmans Peak
Folk Tattoo & Piercing Studio,folktattoo.co.za,+27 67 398 3718,South Africa,7600,Stellenbosch,13 Louw St - Stellenbosch Central
Black.Inktattoostudio,,,South Africa,7349,Cape Town,Mpangele St - Atlantis
Ink Aesthetics,https://inkaestheticsorg.wordpress.com/,,South Africa,7441,Cape Town,Beach Rd - Melkbosstrand
Black Tiger Ink,https://www.facebook.com/Black-Tiger-Ink-608937229628650,+27 82 863 8144,South Africa,7100,Cape Town,655 Delft Main Rd - Delft South
Betha_Ink Tattoo & Piercing,,+27 67 946 9011,South Africa,8000,Cape Town,24 Plein St - Cape Town City Centre
Dust Tattoo,dusttattoo.co.za,+27 71 010 3774,South Africa,7925,Cape Town,Unit 11 - The Royal - 4 Queens Park Ave - Salt River
Primal Culture Tattoo Studio,,,South Africa,7800,Cape Town,108 Main Rd - Plumstead
Tattootimes,https://zen-tattoo-design.business.site/?utm_source=gmb&utm_medium=referral,+27 81 701 5046,South Africa,7785,Cape Town,11 Kromriver Cl - Portland
Ink Stained Skin,,,South Africa,7925,Cape Town,21 Lower Collingwood Rd - Observatory
The Tattoo Den,,+27 73 373 4681,South Africa,7785,Cape Town,10 Wellington - Portland
Just The Tip Art Studio,,+27 83 887 3877,South Africa,7441,Cape Town,6 Oceanus Way - Phoenix
Tattoo Furniture Design,,+27 21 421 1338,South Africa,8001,Cape Town,Culemborg Ctr - Oswald Pirow St - Foreshore
Tattoo,,,South Africa,7950,Cape Town,Belvedere Rd - Muizenberg
Necrobeartattoos,,,South Africa,7130,Cape Town,10 Berrydel Ave - Greenway Rise
Disciples Ink Hermanus Tattoo Studio,disciplesink.co.za,+27 78 464 1660,South Africa,7200,Hermanus,3 High St - CBD
Handstyle Tattoos 7Th Street Studio,handstyletattoos.co.za,+27 72 540 8368,South Africa,2109,Johannesburg,Shop 4B - 7th St - Melville
1933 Classic Tattoos,http://www.1933.co.za/,+27 11 403 0077,South Africa,2000,Johannesburg,33 De Korte St - Braamfontein
Tattoos & Body Piercings By Dee,tattoosbydee.co.za,+27 83 669 0770,South Africa,2001,Johannesburg,Next to Boston College - 36 De Beer St - Braamfontein
Tattoos By Charlene,https://hilliercharlene.wixsite.com/tattoosbycharlene,+27 71 334 4172,South Africa,2094,Johannesburg,10 Thames Rd - Bertrams
J.C Tattoo & Body Piercing,,+27 76 658 2727,South Africa,2093,Johannesburg,139 Main Rd - Newlands
Uws Blvck Ink Tattooz - Braamfontein,uwsblvckinktattooz.co.za,+27 83 451 6584,South Africa,2001,Johannesburg,Shop 3 - Right Side - 93 Juta St - Braamfontein
Om Tattooz And Body Piercing,,+27 73 233 6855,South Africa,2000,Johannesburg,114 main street - corner Von Brandis St - CBD
Hillbilly Ink Tattoos & Piercing,https://hillbilly-ink-tattoos-piercing.business.site/?utm_source=gmb&utm_medium=referral,+27 82 924 6803,South Africa,2092,Johannesburg,55 St Elmo Ave - Mayfair West
The Crows Nest,https://m.facebook.com/login.php?next=https%3A%2F%2Fm.facebook.com%2Fthecrowsnestsa%2F&refsrc=deprecated&_rdr,+27 83 357 0214,South Africa,2092,Johannesburg,61 4th Ave - Melville
Soweto Ink,https://www.sowetoink.com/,+27 61 077 4483,South Africa,2001,Johannesburg,Zone 03 - 7580 Immink Street Diepkloof
Matchstick Tattoo Studio,matchsticktattoos.co.za,+27 60 742 3986,South Africa,2094,Johannesburg,117 Langerman Dr - South Kensington
Kevins Kustom Tattoos At Sacred Art Tattoo Lounge,https://www.facebook.com/kevinskustomtattoos/,+27 73 144 0115,South Africa,2092,Johannesburg,11 Cadoza St - Westdene
Sacredserpent,,+27 79 526 8498,South Africa,,St Andrews,Unit U4B - Quality House Office Park - 33 St Christopher Rd
Sally Mustang Tattoos,https://www.sallymustangs.co/,+27 11 809 8094,South Africa,2092,Johannesburg,Were - 39 Stanley Ave - Braamfontein
Ethel Tattoo Artist,,+27 76 235 8235,South Africa,2092,Johannesburg,43 Frost Ave - Braamfontein Werf
Os By Tshepo(Private Piercing/Tattoo Shop),tattoosbytshepo.co.za,+27 62 241 5237,South Africa,2001,Johannesburg,24 Siemert Rd - New Doornfontein
Dark Neon Tattoos & Piercings,darkneon.co.za,+27 87 941 2676,South Africa,2193,Johannesburg,7 6th St - Parkhurst
Studio57 - Canvas Cultique Tattoo Studio,canvascultique.co.za,+27 83 398 3571,South Africa,2193,Randburg,57 6th St - Parkhurst
Art Pop Tattoos & Piercing,artpop.co.za,+27 64 722 8648,South Africa,1609,Johannesburg,99 Linksfield Rd - Edenvale
Fallen Heroes Tattoo // Art,fallenheroes.co.za,+27 11 028 0994,South Africa,2195,Randburg,249 Barry Hertzog Ave - Emmarentia
Hillside Tattoo Studio,hillsidetattoo.net,+27 68 422 0848,South Africa,2196,Johannesburg,396 Jan Smuts Avenue Randburg - Craighall Park
True Black Body Arts Studio,,+27 72 337 3340,South Africa,2113,Johannesburg,21 Ntemi Piliso St - Newtown
Ink To Skin Tattooing,https://inktoskin.co.za/,+27 84 273 9364,South Africa,2091,Johannesburg South,Vitality Medical Centre - 184 Columbine Ave - Mondeor
Thinkin' Skin - Temptoo Temporary Tattoos,https://thinkinskin.wordpress.com/%20%20%20%20%20%20%20www.thinkinskin.business.site,+27 78 032 4863,South Africa,2192,Johannesburg,Sneddon St - Sydenham
Black And White Tattoo Studio,blackandwhitetattoostudios.co.za,+27 84 288 7525,South Africa,2196,Sandton,130 11th St - Parkmore
Convoy Tattoos,https://convoy-tattoos.business.site/?utm_source=gmb&utm_medium=referral,+27 60 352 9467,South Africa,2001,Johannesburg,94 Helen Joseph St
Tattoos By Dee (Maboneng),http://www.tattoosbydee.co.za/,+27 82 255 7795,South Africa,2096,Johannesburg,20 Kruger Street. Cnr Fox Street Next to Living Room Jozi Maboneng - Marshalltown
Ash J Ink,,+27 61 369 2545,South Africa,2190,Johannesburg South,16 Hammond Rd - West Turffontein
Sa Hardcore Social Club,,+27 11 327 2812,South Africa,2193,Randburg,16A 4th Ave - Parkhurst
John'S Custom Tattoo & Piercing,,+27 82 434 2007,South Africa,1401,Johannesburg,94C Rietfontein Rd - Primrose
Empire Tattoos,https://www.facebook.com/Empire-Tattoos-211594895541393/?pnref=lhc,+27 82 931 7563,South Africa,2000,Johannesburg,14th Avenue Shop 106 - Fairlands on 14th Shopping Centre - Fairland
Black Hounds Studio,blackhounds.co.za,+27 67 979 5807,South Africa,2193,Johannesburg,9 4th Ave - Parkhurst
Alain Tattoos,alaintattoos.co.za,+27 82 448 0716,South Africa,2192,Johannesburg,28B Garden Rd - Orchards
Nando Tatu,nandotatu.com,+27 78 647 7264,South Africa,2001,Johannesburg,37 Henry Nxumalo St - Newtown
Dag'S Art Studio,https://dags-art-studio.business.site/?utm_source=gmb&utm_medium=referral,+27 62 043 2493,South Africa,2001,Johannesburg,Shop 118 Newgate Shopping Centre - 103 Rahima Moosa St - Newtown
Xplicit Ink Tattoos,https://xplicitinktattoos.business.site/?utm_source=gmb&utm_medium=referral,+27 65 856 1849,South Africa,2093,Johannesburg,18 Arun St - Riverlea
Concepto Ink,,+27 83 531 9734,South Africa,2192,Johannesburg,440 Louis Botha Ave - Highlands North
Cobra Ink,,+27 74 248 6582,South Africa,2038,Johannesburg,23 - Fashion Kapitol - 130 Pritchard St - Hillbrow
The Tattoo Gallery,https://www.thetattoogallery.co.za/,+27 11 794 3821,South Africa,2156,Johannesburg,Upper Level - Shop 14 Honey Crest Shopping Centre - Beyers NaudÃ© Dr & - Duiker Ave - Randpark Ridge
Hand Of Mysteries Tattoo,heartandhandtattoos.com,,South Africa,2030,Johannesburg,Shop 20 - Devon Valley Centre - 122 9th Ave - Weltevredenpark
Wayne'S Tattoos,,+27 11 682 3798,South Africa,2190,Johannesburg South,Comaro Shopping Center - Comaro St - Bassonia
Sorry Mom Tattoo Art Studio,sorrymomtattoos.co.za,+27 71 674 6801,South Africa,2062,Johannesburg,Shop UL22 - Lonehill Shopping Centre - Lonechill Blvd - Lone Hill
Emerald Rain Tattoos,emeraldraintattoos.com,+27 73 580 4842,South Africa,2195,Randburg,39 Gleneagles Rd - Greenside
Tattoo'S By Mr Dee'S,,+27 82 526 0333,South Africa,2123,Johannesburg,Shop No. 2 - Northcliff Corner Shopping Centre - Beyers Naude Dr - Northcliff
Buzz Inc Tattoo Studio,buzztattoo.co.za,+27 83 355 5537,South Africa,1709,Johannesburg,All Saints Centre - Windsor Way - Olivedale
Rising Dragon Tattoo,risingdragontattoo.co.za,+27 73 314 0437,South Africa,2191,Johannesburg,64 Crawford Dr - Douglasdale
Black Hat Tattoos,,+27 68 272 0660,South Africa,2193,Johannesburg,48 Sussex Rd - Parkwood
Rumble And Hum Tattoo,rumbleandhum.com,+27 66 150 8123,South Africa,1709,Johannesburg,Shop 25 - Town square Shopping centre - Weltevredenpark
Ink Pride Tattoos And Piercing,inkpridetattoos.co.za,+27 83 404 7804,South Africa,2018,Johannesburg,280 Corlett Dr - Corlett Gardens
Exclusive Ink,exclusiveink.co.za,+27 63 143 9624,South Africa,2060,Johannesburg,Cramerview Centre - 277 Main Rd - Bryanston
Ross Ink Tattoos,,+27 82 904 3864,South Africa,2196,Randburg,339 Jan Smuts Ave - Craighall Park
Migration Tattoos,,+27 61 448 6059,South Africa,0157,Johannesburg,0B 5th St - Florida Glen
Geoff Squires Tattoos,geoffsquirestattoos.co.za,+27 84 847 9527,South Africa,1609,Edenvale,90 Palliser Rd - Eastleigh
Blackneedle_Sa,https://blackneedle-sa.business.site/?utm_source=gmb&utm_medium=referral,+27 81 787 4171,South Africa,2000,Johannesburg,97 Commissioner St - Marshalltown
Timeless Electric,,+27 83 655 2297,South Africa,2000,Johannesburg,70 Juta St - Braamfontein
Customized Tattoos,https://ubetabeliveit.wixsite.com/customizedtattoos,,South Africa,2118,Johannesburg 22 blue crane nest Johannesburg Honeydew,
Sa Tattoo Supply,satattoosupply.co.za,+27 79 865 0882,South Africa,2192,Johannesburg,53 Dunvegan St - Sydenham
Be Kind Tattooing,bekindtattooing.co.za,+27 72 193 2651,South Africa,2194,Johannesburg,7 Susman Ave - Blairgowrie
Royal Ink_Sa,,+27 61 345 7949,South Africa,1612,Edenvale,83 Linksfield Rd - Dowerglen
True Love Tattoo,,+27 10 495 6014,South Africa,2193,Randburg,Shop no. 9 Linden Square Shopping Centre - Corner of 4th Avenue and - 8th St
Adam'S Eden Tattoos,,+27 71 493 5480,South Africa,1609,Edenvale,12 Emma St - Eden Glen
Little California Tattoo & Music Studio,littlecalifornia.co.za,+27 64 631 6469,South Africa,2196,Johannesburg,2 Tyrwhitt Ave - Rosebank
Desidera Tattoo,https://www.instagram.com/desideratattoo/,+27 79 692 6852,South Africa,2194,Randburg,Unit 1 Delta Heights - 94 Conrad Dr - Blairgowrie
Inkspiration Tattoos,,+27 76 254 8385,South Africa,2091,Johannesburg South,83 Donnelly St - Turffontein
Inkasi Tattoo,https://www.facebook.com/inKasiTattoo/,+27 81 500 0359,South Africa,1809,Soweto,10680 Bhele St - Pimville Zone 1
Purple Dragon,,+27 76 880 0961,South Africa,1739,Johannesburg,31 - Mindalore
The Golden Tiki,https://goldentiki.co.za/,+27 82 619 6055,South Africa,2104,Randburg,60 4th Ave - Linden
Souza Super Naturals,,+27 72 205 6055,South Africa,2000,Johannesburg,UNIT 2 - 19 Henri St - Braamfontein
Basiaink,https://www.facebook.com/basiaINK,+27 74 207 5189,South Africa,2192,Johannesburg,67 Grant Ave - Norwood
Assari Tattoo Studio,https://www.assaritattoostudio.com/,+27 76 964 6193,South Africa,1609,Modderfontein,Assari Tattoo Studio Stoneridge Dr & - Greenstone Pl - Greenstone Hill
Da Time Machine Studios,,+27 10 410 5497,South Africa,2001,Johannesburg,11 Broad St - Park Central
Fantasy Tattoos,,+27 82 804 4834,South Africa,1449,Alberton,Cnr Jochem Van Bruggen and Nelson Mandela Ave Opposite Lua Cafe Grey business complex
Tattoo Styles,tattoostyles.co.za,+27 82 415 6023,South Africa,2007,Germiston,55 Van Buuren Rd - Bedfordview
Beneath The Surface,beneaththesurface.co.za,+27 79 648 3566,South Africa,2191,Johannesburg,Merrow down plaza - 71 troupant Avenue Magaliessig - Fourways
Bong'S Tattos,,+27 74 551 9787,South Africa,1852,Johannesburg,275 Odendaal Rd - Meadowlands
Blackrose Tattoos,blackrosetattoos.co.za,+27 72 114 3252,South Africa,2194,Randburg,12 Ebbehout St - Sharonlea
Bigmike Tattoos,,+27 60 525 1362,South Africa,2001,Johannesburg,Plaza Brd Road - Florida
The Painted Lady Tattoo,,+27 11 783 9991,South Africa,2196,Sandton,72 11th St - Parkmore
V.I.P Tattoo Crew,,+27 71 361 0998,South Africa,2007,Johannesburg,14a Kloof Road Oriel - Bedfordview
Steamed Rabbit Tattoos,steamedrabbit.co.za,+27 79 638 2741,South Africa,2169,Johannesburg,The Tattoo Gallery Honeycrest Shopping Center - Randpark Ridge
Jenny'S Tattoos & Body Piercing,jennystattoos.co.za,+27 82 856 3110,South Africa,1449,Alberton,Shop 3 The Lemon Tree Shopping Center Ascott road cnr. Swartkoppies & Heidelberg road Newmarket
Linkup Inkup Tattoo And Body Piercing Studios,https://linkup-inkup-tattoo-and-body-piercing.business.site/?utm_source=gmb&utm_medium=referral,+27 78 106 5176,South Africa,0027,Johannesburg,69 Raleigh St - Yeoville
Brand Tattoo,brandtattoo.co.za,+27 11 835 3067,South Africa,2091,Johannesburg South,5 4th St - Booysens Reserve
Inklings Private Tattoo Studio,,,South Africa,2192,Johannesburg,6th Ave - Highlands North
Jaded Ink,jadedink.co.za,+27 11 658 1736,South Africa,2194,Randburg,above Portuguese Restaurant - Northlands Corner - cnr Witkoppen & New Market Road Shop F5C - 1st Floor - Hoogland
Ink Steyn Tattoo Studio,,+27 76 392 5111,South Africa,2007,Johannesburg,Bedfordview - 33 St Christopher Rd - St Andrews
Autumn Tattoo Studio,,+27 81 311 6500,South Africa,2194,Randburg,22 Valley Rd - Bordeaux
Kustom Ink,kustomink.co.za,+27 64 673 7034,South Africa,2194,Randburg,22 St Andrews Ave - Bordeaux
Shadow Line Tattoos,,+27 73 628 0875,South Africa,1734,Johannesburg,Shop 14 - Noordheuwel Mall - 110 Van Oordt St - Krugersdorp
420 Ink Sa,https://420inksa.business.site/,,South Africa,2031,Randburg,Randview Shopping Centre - Jan Smuts - corner Republic Rd
Ajayink Tattoos,https://ajayink-tattoos.business.site/?utm_source=gmb&utm_medium=referral,+27 81 306 5664,South Africa,2001,Johannesburg,42 Alexandra St - Berea
Sheknows Ink Tattoo Studio,https://www.facebook.com/sheknowsink,+27 76 421 1063,South Africa,2194,Randburg,93 Bram Fischer Dr - Ferndale
Awhe Tattoo & Lifestyle Studio,awhetattoo.co.za,+27 72 248 0092,South Africa,1460,Boksburg,100 Elizabeth Rd - El Ridge Office Park D5 - Bartlett
Levitation Tattoo,levitationtattoo.co.za,+27 63 164 8842,South Africa,2195,Randburg,51 Highcliff Way - Northcliff
Manne Ink,https://manne-ink.business.site/?utm_source=gmb&utm_medium=referral,+27 67 776 7592,South Africa,2000,Johannesburg,46 Biccard St - Braamfontein
Evil Ink Tattoos,,+27 73 373 5897,South Africa,1724,Honeydew,28 Hoeveld Rd - Ruimsig
Tattoo Maniacs Jhb,business.site,+27 67 321 8403,South Africa,1460,Johannesburg,73 Field Rd - Witfield
Inkgenics,https://inkgenics.co.za/,+27 82 887 7040,South Africa,1609,Edenvale,56 Aletta Ave - Highway Gardens
L'Encre Tattoo Studio,https://lencre1609tattoo.wixsite.com/lecre,+27 60 957 4595,South Africa,1609,Johannesburg,16 Cecil Awret Rd - Edenvale
Tattiki Tattoo,,+27 11 824 4357,South Africa,2104,Johannesburg,South Rd - Linden
Top 2 Bottom Tattoo Co.,,+27 84 025 2022,South Africa,2195,Johannesburg,78 3rd Ave - Linden
Razztatt Ink Tattoos,,+27 79 965 3635,South Africa,2291,Johannesburg,36 Arbedene Street Westdene - Brixton
Quidink Tattoos,https://quidinktattoos.business.site/?utm_source=gmb&utm_medium=referral,+27 79 119 9561,South Africa,2104,Randburg,15 Cosmos Ave - Linden
Alberante Ink (Tattoo Saloon),https://www.facebook.com/tattoosaloon.co.za?_rdc=1&_rdr,+27 73 175 1024,South Africa,1457,Alberton,11 Meredy St - Randhart
Inksane Tattoos And Body Piercings,,+27 63 078 3006,South Africa,2001,Johannesburg,Ottawa mall - 94 Helen Joseph St
Rose Gold Tattoos,facebook.com,+27 82 829 0323,South Africa,1448,Alberton,11 Hennie Alberts St - Brackenhurst
Greedy Bear Tattoos,,+27 84 424 1717,South Africa,1801,Soweto,818 Dhlomo Ln - Mofolo Central
Godrich Inkz Tattoos,,+27 61 446 9358,South Africa,1804,Johannesburg,39 butshingi Orlando west soweto
The Goth Spot,thegothspot.com,+27 65 691 3800,South Africa,2195,Randburg,3 1st Rd - Greymont
Kyle B Tattoo,,,South Africa,2195,Randburg,249 Barry Hertzog Ave - Emmarentia
The Burrow Tattoo Studio,https://www.instagram.com/jackelopeart/,+27 71 872 1019,South Africa,2030,Johannesburg,60 Davidson St - Fairland
Cobra Kc Tattoos (Ckct),,+27 83 293 8390,South Africa,,Bryanston,Gemelli - Main Rd
Soulstice Ink,https://www.instagram.com/soulstice.ink/,+27 64 909 2482,South Africa,2191,Johannesburg,43 Niven Ave - Douglasdale
Last Tem'Tation Tattoos,,+27 71 779 2923,South Africa,1431,johannesburg,2574 Motloung Section - masakane street - katlehong
Blake'S Tattoos,,+27 61 706 2205,South Africa,2001,Johannesburg,23 Frederick Cooper Dr - Kenmare
Playas Ink,,+27 11 432 4056,South Africa,2091,Johannesburg,19 Vorster Ave - Glenanda
Dark Side Tattoo Collective,,,South Africa,2091,Johannesburg South,3 Andre St - Glenanda
Romans Tattoo And Piercing,romanstattoo.co.za,+27 76 373 7380,South Africa,2188,Northriding,Shop A23 Northview Shopping center Northriding
B. Ink,https://msha.ke/b.ink/,+27 78 118 9076,South Africa,1709,Johannesburg,33Ave - Goldman St - Florida
First Light Tattoo,firstlighttattoo.co.za,+27 82 080 6064,South Africa,2092,Johannesburg,8th Ave - Melville
La Tattoos Chris,,+27 78 210 7257,South Africa,1709,Roodepoort,973 Plaza Rd - Florida
Royal Tattoos (Pty) Ltd,https://royal-tattoos-and-smokers.business.site/?utm_source=gmb&utm_medium=referral,+27 83 566 5126,South Africa,1875,Soweto,Cemetery Rd - Bram Fischerville
Kevins Kustom Tattoo,,+27 11 782 9542,South Africa,2195,Randburg,Shop 14 Northcliff Square - Cnr Beyers Naude & Milner Road - Northcliff
Drip Ink Tattoo Salon,https://drip-ink-tattoo-salon.business.site/?utm_source=gmb&utm_medium=referral,+27 64 423 5983,South Africa,1426,Alberton,3129 Khowane THOKOZA - Everest Section - Johannesburg
Melanin Black Tattoos And Body Piercings,https://www.instagram.com/kgosicanfly/,+27 63 620 2167,South Africa,2091,Johannesburg,26 Bream St - Gillview
Bold Ronin Tattoo And Piercing,boldronin.co.za,+27 64 673 7989,South Africa,2190,Johannesburg,Kliprivier Dr - Mulbarton
The Tattoo Studio,,,South Africa,2198,Johannesburg,18D Derrick Ave - Cyrildene
Ravayjah Tattoos,,+27 61 927 1400,South Africa,2014,Alexandra,2544 Selborne St
Rockville Ink Tattoos,,+27 73 577 4535,South Africa,1818,Soweto,1866 Mohobe St - Moroka
Tattoo And Microshading Salon,tattoosbytshepo.co.za,+27 62 241 5237,South Africa,2001,Johannesburg,210 Commissioner St
Jayone.Ink Tattoo Studio,,,South Africa,1868,Soweto,2736A Zwelitsha St - Zola
Dowga Ink Tattoo Studio,,,South Africa,1401,Johannesburg,108 President St - Germiston
Legacy Inc Tattoo & Piercing Studio,,+27 82 821 3890,South Africa,1449,Alberton,101 Nelson Mandela Ave - Randhart
Tattoos Stokacover Up,,+27 83 589 4718,South Africa,1739,Johannesburg,Human St - Krugersdorp
Old School Ink,,+27 84 459 8853,South Africa,1724,Johannesburg,75 3rd Ave - Roodepoort North
Classy Ink Tattoos & Piercing,,+27 73 831 3807,South Africa,2091,Johannesburg South,32 Murray Rd - Kibler Park
Wild Rose Tattoo Studio,,+27 63 501 5046,South Africa,1459,Boksburg,224 Rondebult Rd - Libradene
Street Ink Sa (Tattoos & Piercings),https://street-ink-sa-tattoos-piercings.business.site/,+27 78 075 8482,South Africa,1804,Soweto,8216 Makhetha St - Orlando West
Bezyinktattooz,,+27 78 329 0257,South Africa,1432,Johannesburg,No - 3114 - Likole
Sin On Skin,,+27 83 700 0459,South Africa,4083,Durban,Glenwood Village - Glenwood
Monsta Ink Ushaka,monstaink.co.za,+27 68 186 6657,South Africa,4001,Durban,Shop D14A - Ushaka Marine World - 15 Southampton St - Durban Central
Trade Mark Tattoo,https://www.trademarktattoos.com/,+27 31 303 8713,South Africa,4001,Berea,295 Florida Rd - Windermere
Monsta Ink Pavilion,https://www.monstaink.co.za/,+27 68 122 5205,South Africa,3630,Durban,s - The Pavilion - near Cinema - Jack Martens Dr - Westville
Bluff Ink Tattoo Studio,,+27 72 513 9194,South Africa,4052,Bluff,24 Stableford Rd - bayview
Cp Ink Tattoos,,+27 67 843 2296,South Africa,4001,Durban,Shop 14B - 91 Somtseu Road Mangrove Beach Center - North Beach
Fine Line Tattoo And Piercing,finelinetattoo.co.za,+27 87 700 2695,South Africa,4051,Durban North,8 Mackeurtan Ave
Blackman Ink Tattoos Durban | Tattoo Palour | Tattoo Specialist In Durban | Profesional Tattoo Artists | Tattoo Removal | Tattoo Coverups,http://www.blackmaninktattoos.co.za/cgi-sys/suspendedpage.cgi,+27 71 779 9833,South Africa,4001,Durban,357 Anton Lembede ST - Smith Street - CBD
New Skin Tattoos,,+27 60 882 2619,South Africa,4001,Durban,city center - 303 West St - Durban Central
Liberty Tattoos,https://www.instagram.com/nixdigsink/,+27 73 695 5128,South Africa,4001,Durban,275 Florida Rd - Windermere
Red Webz Tattoo Studio,,+27 82 570 8463,South Africa,4016,Durban,152 Kenneth Kaunda Rd - Durban North
Durban Pro Inkers Tattoo And Piercing Studio Durban Central,,+27 71 573 7662,South Africa,4000,Durban,68 Ismail C Meer St - Durban Central
Tattoo'S By Raaz,,+27 67 218 7306,South Africa,4001,Durban,211 Pine St - Durban Central
Skin Art Tattoos,,+27 71 003 0957,South Africa,4001,Durban,121 Victoria Embankment - Durban Central
Tattoos By Naid,https://tattoos-by-naid.business.site/,+27 71 296 8448,South Africa,4001,Durban,5 Morus Pl - Bonela
Zer031 Tattoo Studio (Aka) Durban Ink Tattoo Studio,,+27 62 157 6365,South Africa,4052,Durban,60 Persadh Rd - Clairwood
@Calligraphy.Inktattoosdurban,,+27 78 861 4248,South Africa,4001,Durban,303 West St - Town
Just Ink Tattoo Studio,https://tatjustin69.wixsite.com/justink,+27 78 736 8510,South Africa,4061,Durban,114 Wood Rd - Montclair
Teardrop Tattoo Parlour,teardroptattoo.co.za,+27 79 014 2954,South Africa,4319,Durban,13 The Lighthouse - Equinox Road - Umhlanga Ridge - Umhlanga
Surreal Tattoos,surrealtattoos.co.za,+27 81 508 4852,South Africa,4319,Durban,Shop 10 - The Zen - 31 Zenith Dr - Umhlanga Ridge
Insertion Of Ink Sa,https://insertinksa.com/,+27 78 213 2450,South Africa,4094,Durban,31 Teignmouth Rd - Umbilo
Salvage Tattoo,salvagetattoo.co.za,+27 82 307 4100,South Africa,4051,Durban North,Shop 52 - 53 Adelaide Tambo Kensington Square - Adelaide Tambo Dr
Throttle Brothers Tattoos,,+27 61 126 2879,South Africa,4026,Bluff,330 Quality St - Jacobs
Cebo'S Tattoo Studio/Internet Cafe,,+27 84 696 2866,South Africa,4091,Durban,Nubian Ave - Nsimbini area
Dark Angel Tattoos & Body Piercing,,+27 73 103 0447,South Africa,4068,Durban,1 Spanbury Pl - Eastbury
Tried And True Tattoo,,,South Africa,4051,Durban North,47 Ashley Ave - Glen Ashley
Ink It Tattoos,inkittattoos.co.za,+27 81 414 3941,South Africa,3610,Durban,Unit 10 Pineville Junction - 81 Stapleton Rd - Cowies Hill Park
Lotus Tattoo,,+27 71 423 3397,South Africa,4001,Durban,124 Helen Joseph Rd - Glenwood
Alien Ink,https://m.facebook.com/login.php?next=https%3A%2F%2Fm.facebook.com%2FAlien-Ink-Tattoo-Piercing-Studio-Tattooed-Goddess-751858691574308%2F%3Ftsid%3D0.6707664149184698%26source%3Dresult&refsrc=deprecated&_rdr,+27 82 857 3503,South Africa,4006,Durban,Shop No.2 - Limnos square - 1309 Sarnia Rd - Hillary
Evolution Inks Tattoo Shop,https://evolutioninks92.wixsite.com/tattoos,+27 64 657 7570,South Africa,4001,Durban,Unit 13 - 28 Mackeurtan Ave - Swapo Rd - Durban North
Denor House,,,South Africa,4001,Durban,347 Smith St - Durban Central
Zakiyya - Henna Art Durban,hennaart.co.za,+27 83 786 0978,South Africa,4091,Durban,94 Bardia Ave - Reservoir Hills
Teez Kustomz,,+27 82 267 3118,South Africa,4319,Durban,31 Zenith Dr - Umhlanga
Down 2 Earth Inkers,,+27 79 282 0260,South Africa,4001,Durban,537 Smith St - Durban Central
Santana Ink Tattoo And Piercings Artist Durban Contact,,+27 71 765 6813,South Africa,4091,Durban,8th floor PIONEER BUILDING Durban
Electric Eye Tattoo,chrome-error://chromewebdata/,+27 31 561 2555,South Africa,4320,Umhlanga,13 McCausland Cres
Misfit Ink Tattoo Studio,,+27 66 232 3409,South Africa,4000,Durban,Shop C20 - Wilsons Wharf - 14 Boatmans Rd - Albert Park
House Of Ink Pty Ltd,houseofink.co.za,+27 74 726 9833,South Africa,4052,Durban,77 Nizam Rd - Merebank East
Blackfoot Tattoos Emporium,,+27 62 052 1954,South Africa,4309,Durban,P53 Bhejane Rd - KwaMashu
Iqhawe Tattoos,,+27 76 305 1949,South Africa,4001,Durban,197 Brand Rd - Glenwood
Cocktail Ink Tattoos,https://cocktail-ink-tattoos.business.site/?utm_source=gmb&utm_medium=referral,+27 78 559 0557,South Africa,4001,Durban,79 Mhlongo Rd - Lamontville
Pro Rider Tattoos,,+27 76 378 9467,South Africa,4068,Durban,Millenium Market - Pandora St - Phoenix
Trinity Tattoos,,+27 71 296 8448,South Africa,4001,Durban,297 Florida Rd - Windermere
Tattoos By Kimeshan,https://tattoos-by-kimeshan.business.site/?utm_source=gmb&utm_medium=referral,+27 72 454 8103,South Africa,4068,Durban,80 Grove End Dr - Phoenix
2Wice Ink Tattoos,,,South Africa,4001,Durban,Smith St - Durban Central
Bhubesi Ink,,+27 84 533 1355,South Africa,4001,Durban,159 10th Ave - Morning Side
Skin Graaf Ink Tattoo And Piercings,,+27 83 376 0338,South Africa,4094,Durban,shop no 7 - 531 Sarnia Rd - Sea View
Tattoos King Magic,https://www.facebook.com/,+27 81 309 3637,South Africa,4001,Durban,8 Bell St - HighSpray
Blackman Ink,,,South Africa,4001,Durban,357 Smith St - Durban Central
Henna By Sumayya J - Durban,,+27 76 092 5400,South Africa,4001,Durban,Lilian Ngoyi Rd - Morningside
Step Up (Tattoos// Piercings// Permanent Make Up),https://stepuptattoos.business.site/?utm_source=gmb&utm_medium=referral,+27 72 117 7553,South Africa,3610,Durban,shop 35 (ground level - Kloof Village Mall - 33 Village Rd - Kloof
Tattooing,,+27 31 312 5975,South Africa,4001,Durban,453 Windermere Gve - Morningside
South Side Ink,chrome-error://chromewebdata/,+27 84 346 2616,South Africa,4319,Durban,Shop B05 - Granada Square - 16 Chartwell Dr - Umhlanga
Simba Tattoos,https://simba-tattoos.business.site/,+27 61 457 6351,South Africa,4339,Verulam,41 Heathrow Ave - Riet River
Ink Slave,https://ink-slave.business.site/?utm_source=gmb&utm_medium=referral,+27 84 551 6742,South Africa,4000,Durban,Room 406 floor number 4 - West Street - 330 pioneer place - Durban Central
Skinart Tattoo Training,https://www.skinart.co.za/,+27 72 151 8259,South Africa,3610,Durban,1 King Shaka Ave - Point
Santana Tattoo Artist Durban Matunhire,,+27 71 765 6813,South Africa,4001,Durban,8th floor - Room 817 - 330 West St - Durban Central
Exotic Arts Tattoo Studio,,+27 76 692 4556,South Africa,4037,Durban,59 Donkin Road Parlock Newlands West
Throttle Brothers Tattoos,,+27 73 278 6492,South Africa,4052,Bluff,574 Tara Rd - Wentworth
Tropical Ink Tattoo & Piercing,tropicalink.co.za,+27 31 561 2555,South Africa,4320,Umhlanga,11 McCausland Cres
Majestic Ink,,+27 72 054 9570,South Africa,4051,Durban North,Greenwood Park
Dit'Studio'S,,+27 84 517 8475,South Africa,4052,Durban,Pine Rd - Clairwood
2Wice Ink Tattoos,,+27 74 751 0862,South Africa,4001,Durban,396 West St - Durban Central
Alpha Assassin Tattoo,alphaassassintattoo.co.za,+27 71 538 9633,South Africa,3624,Outer West Durban,12 Cadmoor Rd - Assagay
Reunion Tattoo Masters,,+27 78 394 0818,South Africa,4089,Durban,Umlazi Mega City - Shop S182 50 Griffith Mxenge Highway Umlazi 4066 Reunion
Inkking Tattoos,,+27 74 315 9046,South Africa,4091,Durban,57 Spearman Rd - Sydenham
Creative Ink,,+27 31 573 1048,South Africa,4051,Durban,15 Leslie Ave - Rosehill
Dark Ink Tattoos,https://www.facebook.com/DarkInkTattoosbyElieAchkar/,,South Africa,1234,Durban,23 Silver Willow Rd - Springfield
Smokin Tattoos,https://heytattoo.co.za/0333583/Smokin_Tattoos,+27 73 281 2488,South Africa,4126,Amanzimtoti,36 Inyoni Cres - Athlone Park
Nightmare Ink,,+27 31 404 3636,South Africa,4092,Chatsworth,33 Damorosa Cres - Moorton
Sacred Empire Tattoos & Piercings,,+27 83 303 6638,South Africa,3652,Durban,Waterfall
Mondli'S Tattoos,,+27 65 941 0961,South Africa,3610,Durban,Shop 3 Union Ln - Pinetown
Surreal Tattoo Studio,,,South Africa,4026,Bluff,66 Assegai Cres - Jacobs
Skincity Route031,,+27 81 435 5412,South Africa,4360,KwaMashu,32 Mthini Rd - Ezilwaneni
Tattoo Artist,https://andrewmichaelspsychic.site.live/,+27 74 409 0265,South Africa,4092,Durban,107 Dowland Ave - Memorial Park
Yolo Creationz Tattoos,,+27 74 247 9803,South Africa,4319,Durban,building - 5 Zenith - 20 Solstice Rd - Umhlanga Ridge
Kaykeo Tattoo Academy,kaykeotattooacademy.co.za,+27 84 995 2989,South Africa,3600,Pinetown,2 Allagappa Rd - Motala Heights
Spray Paint Rebel Tattoo,,+27 74 623 4636,South Africa,4309,KwaMashu,Bester - 20 Ntuzuma Access Road
Ink Wise Durban,,+27 31 306 9945,South Africa,4001,Durban,170 Victoria Embankment - Durban Central
Euroâ˜†Signz Tattoos,https://euro-signz-tattoos.business.site/?utm_source=gmb&utm_medium=referral,+27 83 760 4777,South Africa,4092,Durban,116 Caspian St - Westcliff
Skin Dreams Tattoos,,+27 62 064 7066,South Africa,4092,Durban,109 Colorado Circle - Bayview - Chatsworth
Krsna Tattoos & Piercings,,,South Africa,4068,Durban,391 Palmview drive - Phoenix - Phoenix
Kevin'S Kustom Tattoos,,+27 83 259 7716,South Africa,3652,Durban,Linkhills Shopping Center Waterfall - 3652 - Inanda Rd - Waterfall
Inked By Zunai Tattoo And Piercing Studio,,+27 72 044 9458,South Africa,4051,Durban,Shop No. G8 - 250 Umhlanga Rocks Dr - Umhlanga
Crazy Tattoos,,+27 84 466 8989,South Africa,4092,Chatsworth,6 Ashoka Pl - Croftdene
Proink Tattoos,,+27 66 286 3280,South Africa,4068,Phoenix,4 4th Way - Rockford
Insane Inks,https://insane-inks.business.site/?utm_source=gmb&utm_medium=referral,+27 66 219 2730,South Africa,4092,Durban,348 Montdene Dr - Chatsworth
New Generation Tattoo,,+27 31 404 9476,South Africa,4092,Durban,26 Moorton Dr - Chatsworth
Tattoo Equip Sa,https://tattooequip.co.za/,+27 84 995 2989,South Africa,3610,Durban,2 Allagappa Road Unit 2 Pinetown - Motala Heights
Disturbed Ink,,+27 76 480 7432,South Africa,3608,Pinetown,8 - 95 Goodwood Rd - Mahogany Ridge
Nemesis Tattoo,,+27 79 778 8199,South Africa,4092,Chatsworth,172 Croftdene Dr - Croftdene
Mike Artura - Artura Tattoo Studio,,+27 82 776 8000,South Africa,3650,Hillcrest,B12 Block Hillcrest Park - 45 Ridge Rd
Kaykeo Tattoo Supply,https://tattoo-supply-durban.business.site/,+27 84 995 2989,South Africa,3610,Pinetown,2 Allagappa Rd - Motala Heights
Forbidden Ink,,,South Africa,3610,Durban,9 Old Main Rd - Hillcrest
Out The Gutter Ink,,+27 81 829 9854,South Africa,4092,Durban,62 740 Rd - Chatsworth
Ethereal Vision Tattoo Studio,https://www.facebook.com/EtherealVisionsTattooedGoddess,+27 82 857 3503,South Africa,3610,Hillcrest,41 Old Main Rd
I Art Ink Tattoo Studio,,+27 31 584 6924,South Africa,4319,Umhlanga,18 Zenith Dr - Umhlanga Ridge
Raw Ink Private Tattoo Sessions,https://raw-ink-private-tattoo-sessions.business.site/?utm_source=gmb&utm_medium=referral,+27 65 895 6842,South Africa,4340,Durban,247 Hawk Rd - Verulam
Wespe Custom Arts,https://www.facebook.com/wespecustomarts/,+27 65 588 8673,South Africa,4126,Durban,289 Hartley Pl - Amanzimtoti
New Skool Tattoo,,+27 60 352 2092,South Africa,4126,Durban,1 Strelitzia Rd - Amanzimtoti
Nemesis Tattoo,,,South Africa,4093,Queensburgh,8 Midmar Rd - Burlington Heights
Havoc Ink,,,South Africa,3650,Hillcrest,59 Old Main Rd
Puddy Inkers,https://puddy-inkers.business.site/?utm_source=gmb&utm_medium=referral,+27 68 022 2941,South Africa,4126,Durban,Unnamed Road - Umgababa
